id_beneficiario,nome_beneficiario,plano,sexo,faixa_etaria,municipio,dt_adesao
1,BENEFICIARIO 00001,HOSPITALAR,F,18-29,VALINHOS,2022-05-06
2,BENEFICIARIO 00002,REFERENCIA,M,45-59,PAULINIA,2021-01-25
3,BENEFICIARIO 00003,COMPLETO,M,30-44,JAGUARIUNA,2019-07-01
4,BENEFICIARIO 00004,HOSPITALAR,M,60+,SUMARE,2024-02-22
5,BENEFICIARIO 00005,REFERENCIA,F,18-29,PAULINIA,2024-12-31
6,BENEFICIARIO 00006,REFERENCIA,M,18-29,VINHEDO,2023-08-26
7,BENEFICIARIO 00007,REFERENCIA,F,30-44,JAGUARIUNA,2024-07-15
8,BENEFICIARIO 00008,COMPLETO,M,45-59,CAMPINAS,2023-11-12
9,BENEFICIARIO 00009,AMBULATORIAL,F,45-59,VINHEDO,2018-08-06
10,BENEFICIARIO 00010,AMBULATORIAL,F,30-44,VINHEDO,2021-03-19
11,BENEFICIARIO 00011,REFERENCIA,F,0-17,SUMARE,2020-04-15
12,BENEFICIARIO 00012,AMBULATORIAL,M,45-59,VALINHOS,2024-11-28
13,BENEFICIARIO 00013,HOSPITALAR,M,18-29,SUMARE,2025-06-14
14,BENEFICIARIO 00014,AMBULATORIAL,M,45-59,INDAIATUBA,2021-07-04
15,BENEFICIARIO 00015,AMBULATORIAL,F,30-44,PAULINIA,2024-12-16
16,BENEFICIARIO 00016,COMPLETO,F,30-44,PAULINIA,2020-03-03
17,BENEFICIARIO 00017,REFERENCIA,M,18-29,VALINHOS,2020-02-05
18,BENEFICIARIO 00018,HOSPITALAR,F,45-59,CAMPINAS,2022-10-22
19,BENEFICIARIO 00019,REFERENCIA,M,18-29,VINHEDO,2024-07-20
20,BENEFICIARIO 00020,REFERENCIA,F,30-44,JAGUARIUNA,2019-09-27
21,BENEFICIARIO 00021,AMBULATORIAL,F,30-44,CAMPINAS,2025-01-05
22,BENEFICIARIO 00022,REFERENCIA,M,60+,HORTOLANDIA,2018-10-26
23,BENEFICIARIO 00023,REFERENCIA,F,18-29,VALINHOS,2023-09-01
24,BENEFICIARIO 00024,HOSPITALAR,M,60+,INDAIATUBA,2019-01-12
25,BENEFICIARIO 00025,REFERENCIA,F,18-29,HORTOLANDIA,2021-09-18
26,BENEFICIARIO 00026,REFERENCIA,M,18-29,JAGUARIUNA,2024-04-18
27,BENEFICIARIO 00027,AMBULATORIAL,F,30-44,JAGUARIUNA,2020-09-11
28,BENEFICIARIO 00028,HOSPITALAR,F,30-44,INDAIATUBA,2019-04-10
29,BENEFICIARIO 00029,COMPLETO,M,60+,SUMARE,2018-04-12
30,BENEFICIARIO 00030,REFERENCIA,M,45-59,CAMPINAS,2021-04-29
31,BENEFICIARIO 00031,HOSPITALAR,M,60+,VALINHOS,2019-01-29
32,BENEFICIARIO 00032,HOSPITALAR,F,0-17,PAULINIA,2025-07-08
33,BENEFICIARIO 00033,HOSPITALAR,M,0-17,PAULINIA,2024-01-12
34,BENEFICIARIO 00034,COMPLETO,F,18-29,CAMPINAS,2023-02-24
35,BENEFICIARIO 00035,REFERENCIA,F,0-17,VALINHOS,2018-08-11
36,BENEFICIARIO 00036,HOSPITALAR,M,60+,VALINHOS,2024-06-13
37,BENEFICIARIO 00037,HOSPITALAR,M,45-59,INDAIATUBA,2023-01-22
38,BENEFICIARIO 00038,COMPLETO,M,30-44,CAMPINAS,2022-05-15
39,BENEFICIARIO 00039,AMBULATORIAL,F,60+,VALINHOS,2024-07-26
40,BENEFICIARIO 00040,AMBULATORIAL,F,30-44,VALINHOS,2021-04-02
41,BENEFICIARIO 00041,REFERENCIA,F,30-44,JAGUARIUNA,2022-04-12
42,BENEFICIARIO 00042,COMPLETO,F,45-59,VINHEDO,2023-12-26
43,BENEFICIARIO 00043,HOSPITALAR,F,45-59,SUMARE,2025-02-10
44,BENEFICIARIO 00044,HOSPITALAR,M,30-44,CAMPINAS,2024-03-17
45,BENEFICIARIO 00045,HOSPITALAR,F,0-17,CAMPINAS,2024-06-03
46,BENEFICIARIO 00046,COMPLETO,F,30-44,PAULINIA,2021-11-09
47,BENEFICIARIO 00047,HOSPITALAR,M,60+,VINHEDO,2019-10-22
48,BENEFICIARIO 00048,HOSPITALAR,F,60+,SUMARE,2020-03-06
49,BENEFICIARIO 00049,AMBULATORIAL,F,60+,CAMPINAS,2024-02-27
50,BENEFICIARIO 00050,COMPLETO,F,30-44,VALINHOS,2020-10-23
51,BENEFICIARIO 00051,AMBULATORIAL,F,60+,JAGUARIUNA,2021-09-17
52,BENEFICIARIO 00052,REFERENCIA,F,18-29,VALINHOS,2021-03-13
53,BENEFICIARIO 00053,AMBULATORIAL,F,30-44,JAGUARIUNA,2023-01-20
54,BENEFICIARIO 00054,REFERENCIA,M,60+,VINHEDO,2024-05-05
55,BENEFICIARIO 00055,REFERENCIA,M,45-59,VINHEDO,2018-01-20
56,BENEFICIARIO 00056,REFERENCIA,F,18-29,INDAIATUBA,2021-02-07
57,BENEFICIARIO 00057,REFERENCIA,F,30-44,JAGUARIUNA,2023-03-11
58,BENEFICIARIO 00058,COMPLETO,M,30-44,JAGUARIUNA,2024-03-09
59,BENEFICIARIO 00059,AMBULATORIAL,F,60+,VALINHOS,2021-02-23
60,BENEFICIARIO 00060,HOSPITALAR,F,30-44,VALINHOS,2018-11-05
61,BENEFICIARIO 00061,AMBULATORIAL,F,60+,INDAIATUBA,2024-08-13
62,BENEFICIARIO 00062,HOSPITALAR,F,60+,SUMARE,2024-02-05
63,BENEFICIARIO 00063,COMPLETO,F,30-44,INDAIATUBA,2020-07-03
64,BENEFICIARIO 00064,REFERENCIA,F,45-59,VALINHOS,2022-06-14
65,BENEFICIARIO 00065,REFERENCIA,F,18-29,VINHEDO,2023-10-07
66,BENEFICIARIO 00066,HOSPITALAR,M,18-29,VINHEDO,2024-05-08
67,BENEFICIARIO 00067,HOSPITALAR,M,30-44,CAMPINAS,2020-06-15
68,BENEFICIARIO 00068,COMPLETO,F,0-17,SUMARE,2022-02-22
69,BENEFICIARIO 00069,HOSPITALAR,F,18-29,HORTOLANDIA,2022-05-09
70,BENEFICIARIO 00070,COMPLETO,M,0-17,CAMPINAS,2025-04-10
71,BENEFICIARIO 00071,REFERENCIA,F,60+,SUMARE,2020-12-14
72,BENEFICIARIO 00072,HOSPITALAR,M,45-59,HORTOLANDIA,2024-08-04
73,BENEFICIARIO 00073,AMBULATORIAL,M,45-59,PAULINIA,2023-10-17
74,BENEFICIARIO 00074,COMPLETO,M,30-44,JAGUARIUNA,2023-05-29
75,BENEFICIARIO 00075,AMBULATORIAL,F,45-59,VINHEDO,2020-07-31
76,BENEFICIARIO 00076,AMBULATORIAL,M,18-29,VINHEDO,2020-02-05
77,BENEFICIARIO 00077,HOSPITALAR,M,60+,VALINHOS,2025-05-31
78,BENEFICIARIO 00078,HOSPITALAR,M,30-44,VALINHOS,2023-05-27
79,BENEFICIARIO 00079,COMPLETO,M,18-29,VINHEDO,2025-04-05
80,BENEFICIARIO 00080,COMPLETO,F,18-29,CAMPINAS,2019-06-08
81,BENEFICIARIO 00081,HOSPITALAR,F,60+,CAMPINAS,2024-06-02
82,BENEFICIARIO 00082,HOSPITALAR,F,18-29,SUMARE,2020-01-08
83,BENEFICIARIO 00083,COMPLETO,F,30-44,VALINHOS,2020-06-06
84,BENEFICIARIO 00084,COMPLETO,M,45-59,VINHEDO,2020-06-17
85,BENEFICIARIO 00085,COMPLETO,F,60+,VINHEDO,2024-12-27
86,BENEFICIARIO 00086,REFERENCIA,F,30-44,JAGUARIUNA,2024-09-09
87,BENEFICIARIO 00087,AMBULATORIAL,F,45-59,INDAIATUBA,2019-06-26
88,BENEFICIARIO 00088,AMBULATORIAL,F,18-29,INDAIATUBA,2019-09-05
89,BENEFICIARIO 00089,AMBULATORIAL,F,45-59,CAMPINAS,2023-12-17
90,BENEFICIARIO 00090,AMBULATORIAL,F,45-59,VINHEDO,2024-10-07
91,BENEFICIARIO 00091,AMBULATORIAL,M,60+,INDAIATUBA,2022-02-26
92,BENEFICIARIO 00092,AMBULATORIAL,M,18-29,JAGUARIUNA,2022-04-11
93,BENEFICIARIO 00093,REFERENCIA,F,45-59,VINHEDO,2020-11-08
94,BENEFICIARIO 00094,COMPLETO,F,0-17,SUMARE,2024-09-16
95,BENEFICIARIO 00095,COMPLETO,M,18-29,CAMPINAS,2018-01-30
96,BENEFICIARIO 00096,AMBULATORIAL,F,45-59,PAULINIA,2021-07-17
97,BENEFICIARIO 00097,COMPLETO,M,0-17,VINHEDO,2022-10-12
98,BENEFICIARIO 00098,REFERENCIA,M,60+,INDAIATUBA,2024-05-01
99,BENEFICIARIO 00099,REFERENCIA,M,45-59,PAULINIA,2022-08-20
100,BENEFICIARIO 00100,COMPLETO,F,30-44,JAGUARIUNA,2020-11-05
101,BENEFICIARIO 00101,REFERENCIA,M,45-59,VINHEDO,2025-05-24
102,BENEFICIARIO 00102,AMBULATORIAL,F,45-59,VINHEDO,2019-02-15
103,BENEFICIARIO 00103,HOSPITALAR,M,30-44,CAMPINAS,2019-10-21
104,BENEFICIARIO 00104,COMPLETO,F,0-17,VINHEDO,2023-04-16
105,BENEFICIARIO 00105,COMPLETO,F,0-17,SUMARE,2020-06-27
106,BENEFICIARIO 00106,REFERENCIA,F,60+,CAMPINAS,2022-04-24
107,BENEFICIARIO 00107,COMPLETO,M,60+,CAMPINAS,2019-12-19
108,BENEFICIARIO 00108,COMPLETO,M,0-17,PAULINIA,2025-05-14
109,BENEFICIARIO 00109,REFERENCIA,F,0-17,PAULINIA,2024-11-24
110,BENEFICIARIO 00110,HOSPITALAR,F,30-44,PAULINIA,2025-05-06
111,BENEFICIARIO 00111,AMBULATORIAL,F,0-17,SUMARE,2022-06-25
112,BENEFICIARIO 00112,REFERENCIA,M,45-59,PAULINIA,2023-10-22
113,BENEFICIARIO 00113,AMBULATORIAL,F,0-17,SUMARE,2024-04-09
114,BENEFICIARIO 00114,REFERENCIA,M,30-44,PAULINIA,2024-10-19
115,BENEFICIARIO 00115,HOSPITALAR,M,45-59,CAMPINAS,2020-12-05
116,BENEFICIARIO 00116,HOSPITALAR,M,60+,VALINHOS,2024-04-07
117,BENEFICIARIO 00117,AMBULATORIAL,M,30-44,VALINHOS,2023-10-04
118,BENEFICIARIO 00118,REFERENCIA,M,45-59,INDAIATUBA,2024-04-25
119,BENEFICIARIO 00119,COMPLETO,F,30-44,JAGUARIUNA,2023-03-03
120,BENEFICIARIO 00120,AMBULATORIAL,M,0-17,SUMARE,2018-10-04
121,BENEFICIARIO 00121,COMPLETO,F,18-29,HORTOLANDIA,2022-08-17
122,BENEFICIARIO 00122,REFERENCIA,F,30-44,PAULINIA,2021-03-22
123,BENEFICIARIO 00123,AMBULATORIAL,M,30-44,VALINHOS,2024-03-21
124,BENEFICIARIO 00124,HOSPITALAR,M,30-44,HORTOLANDIA,2020-06-14
125,BENEFICIARIO 00125,REFERENCIA,F,18-29,JAGUARIUNA,2020-03-28
126,BENEFICIARIO 00126,HOSPITALAR,F,30-44,PAULINIA,2020-07-27
127,BENEFICIARIO 00127,HOSPITALAR,F,60+,HORTOLANDIA,2019-10-01
128,BENEFICIARIO 00128,AMBULATORIAL,F,0-17,JAGUARIUNA,2024-11-19
129,BENEFICIARIO 00129,AMBULATORIAL,F,45-59,HORTOLANDIA,2024-12-17
130,BENEFICIARIO 00130,REFERENCIA,M,60+,SUMARE,2023-07-04
131,BENEFICIARIO 00131,HOSPITALAR,M,45-59,PAULINIA,2024-06-20
132,BENEFICIARIO 00132,HOSPITALAR,F,60+,INDAIATUBA,2023-05-14
133,BENEFICIARIO 00133,AMBULATORIAL,M,45-59,VINHEDO,2023-02-16
134,BENEFICIARIO 00134,AMBULATORIAL,M,30-44,CAMPINAS,2018-02-18
135,BENEFICIARIO 00135,HOSPITALAR,M,60+,VALINHOS,2021-08-25
136,BENEFICIARIO 00136,REFERENCIA,M,18-29,SUMARE,2020-08-29
137,BENEFICIARIO 00137,REFERENCIA,M,60+,HORTOLANDIA,2022-02-07
138,BENEFICIARIO 00138,HOSPITALAR,M,45-59,PAULINIA,2022-09-13
139,BENEFICIARIO 00139,REFERENCIA,M,45-59,SUMARE,2023-01-21
140,BENEFICIARIO 00140,HOSPITALAR,F,60+,PAULINIA,2019-02-14
141,BENEFICIARIO 00141,REFERENCIA,F,60+,INDAIATUBA,2022-04-10
142,BENEFICIARIO 00142,HOSPITALAR,F,18-29,JAGUARIUNA,2018-02-09
143,BENEFICIARIO 00143,HOSPITALAR,M,45-59,VINHEDO,2025-01-27
144,BENEFICIARIO 00144,REFERENCIA,M,30-44,SUMARE,2024-04-21
145,BENEFICIARIO 00145,AMBULATORIAL,M,0-17,VINHEDO,2018-09-03
146,BENEFICIARIO 00146,HOSPITALAR,M,45-59,VALINHOS,2023-01-17
147,BENEFICIARIO 00147,REFERENCIA,M,30-44,HORTOLANDIA,2024-04-14
148,BENEFICIARIO 00148,REFERENCIA,M,0-17,INDAIATUBA,2019-05-12
149,BENEFICIARIO 00149,REFERENCIA,F,60+,VINHEDO,2021-03-11
150,BENEFICIARIO 00150,REFERENCIA,M,60+,JAGUARIUNA,2023-01-05
151,BENEFICIARIO 00151,AMBULATORIAL,M,60+,SUMARE,2023-03-15
152,BENEFICIARIO 00152,HOSPITALAR,F,30-44,INDAIATUBA,2025-01-29
153,BENEFICIARIO 00153,COMPLETO,F,0-17,VINHEDO,2021-11-08
154,BENEFICIARIO 00154,HOSPITALAR,M,30-44,SUMARE,2020-12-31
155,BENEFICIARIO 00155,COMPLETO,M,45-59,HORTOLANDIA,2024-08-01
156,BENEFICIARIO 00156,COMPLETO,M,18-29,VINHEDO,2018-04-05
157,BENEFICIARIO 00157,HOSPITALAR,F,30-44,VALINHOS,2020-05-12
158,BENEFICIARIO 00158,HOSPITALAR,M,0-17,VALINHOS,2018-09-19
159,BENEFICIARIO 00159,COMPLETO,F,0-17,INDAIATUBA,2023-11-17
160,BENEFICIARIO 00160,AMBULATORIAL,F,30-44,VINHEDO,2018-12-12
161,BENEFICIARIO 00161,COMPLETO,M,18-29,PAULINIA,2021-03-09
162,BENEFICIARIO 00162,COMPLETO,F,18-29,VINHEDO,2018-04-28
163,BENEFICIARIO 00163,AMBULATORIAL,M,30-44,JAGUARIUNA,2023-03-29
164,BENEFICIARIO 00164,REFERENCIA,M,18-29,VINHEDO,2024-08-17
165,BENEFICIARIO 00165,COMPLETO,M,60+,SUMARE,2021-11-23
166,BENEFICIARIO 00166,COMPLETO,F,0-17,JAGUARIUNA,2021-06-15
167,BENEFICIARIO 00167,REFERENCIA,M,30-44,VINHEDO,2021-05-28
168,BENEFICIARIO 00168,AMBULATORIAL,F,60+,VINHEDO,2021-11-09
169,BENEFICIARIO 00169,REFERENCIA,M,60+,CAMPINAS,2023-07-08
170,BENEFICIARIO 00170,COMPLETO,M,0-17,INDAIATUBA,2021-04-14
171,BENEFICIARIO 00171,HOSPITALAR,F,60+,HORTOLANDIA,2020-02-12
172,BENEFICIARIO 00172,COMPLETO,M,45-59,PAULINIA,2019-10-31
173,BENEFICIARIO 00173,COMPLETO,M,18-29,SUMARE,2018-11-21
174,BENEFICIARIO 00174,COMPLETO,F,60+,SUMARE,2021-03-12
175,BENEFICIARIO 00175,REFERENCIA,M,18-29,VALINHOS,2020-01-18
176,BENEFICIARIO 00176,HOSPITALAR,M,0-17,JAGUARIUNA,2024-12-05
177,BENEFICIARIO 00177,COMPLETO,M,60+,JAGUARIUNA,2020-02-09
178,BENEFICIARIO 00178,REFERENCIA,F,18-29,CAMPINAS,2024-01-01
179,BENEFICIARIO 00179,AMBULATORIAL,F,0-17,SUMARE,2021-01-07
180,BENEFICIARIO 00180,HOSPITALAR,M,0-17,PAULINIA,2019-01-05
181,BENEFICIARIO 00181,HOSPITALAR,F,45-59,PAULINIA,2021-11-01
182,BENEFICIARIO 00182,COMPLETO,M,45-59,HORTOLANDIA,2023-03-15
183,BENEFICIARIO 00183,AMBULATORIAL,M,0-17,VINHEDO,2018-08-18
184,BENEFICIARIO 00184,REFERENCIA,M,0-17,JAGUARIUNA,2020-01-14
185,BENEFICIARIO 00185,HOSPITALAR,M,45-59,CAMPINAS,2019-05-15
186,BENEFICIARIO 00186,HOSPITALAR,M,45-59,PAULINIA,2018-05-18
187,BENEFICIARIO 00187,HOSPITALAR,M,0-17,PAULINIA,2023-04-21
188,BENEFICIARIO 00188,COMPLETO,M,30-44,VINHEDO,2025-01-21
189,BENEFICIARIO 00189,AMBULATORIAL,F,30-44,JAGUARIUNA,2025-02-28
190,BENEFICIARIO 00190,REFERENCIA,F,30-44,CAMPINAS,2025-06-23
191,BENEFICIARIO 00191,HOSPITALAR,F,18-29,INDAIATUBA,2021-08-22
192,BENEFICIARIO 00192,AMBULATORIAL,F,30-44,VALINHOS,2022-06-10
193,BENEFICIARIO 00193,HOSPITALAR,F,0-17,JAGUARIUNA,2024-09-08
194,BENEFICIARIO 00194,HOSPITALAR,M,0-17,PAULINIA,2019-10-08
195,BENEFICIARIO 00195,COMPLETO,F,60+,HORTOLANDIA,2025-01-04
196,BENEFICIARIO 00196,AMBULATORIAL,F,30-44,VINHEDO,2024-01-06
197,BENEFICIARIO 00197,AMBULATORIAL,F,45-59,PAULINIA,2021-07-21
198,BENEFICIARIO 00198,REFERENCIA,M,18-29,CAMPINAS,2022-03-28
199,BENEFICIARIO 00199,REFERENCIA,F,30-44,CAMPINAS,2023-06-11
200,BENEFICIARIO 00200,COMPLETO,M,60+,JAGUARIUNA,2020-02-17
201,BENEFICIARIO 00201,HOSPITALAR,M,30-44,JAGUARIUNA,2021-02-01
202,BENEFICIARIO 00202,HOSPITALAR,F,60+,VINHEDO,2023-01-15
203,BENEFICIARIO 00203,REFERENCIA,M,60+,HORTOLANDIA,2023-02-03
204,BENEFICIARIO 00204,AMBULATORIAL,M,18-29,CAMPINAS,2024-12-13
205,BENEFICIARIO 00205,REFERENCIA,F,30-44,VALINHOS,2025-05-20
206,BENEFICIARIO 00206,COMPLETO,F,60+,JAGUARIUNA,2024-03-08
207,BENEFICIARIO 00207,HOSPITALAR,M,30-44,INDAIATUBA,2025-03-10
208,BENEFICIARIO 00208,REFERENCIA,F,0-17,VALINHOS,2018-06-29
209,BENEFICIARIO 00209,HOSPITALAR,F,0-17,PAULINIA,2019-03-15
210,BENEFICIARIO 00210,COMPLETO,F,0-17,CAMPINAS,2024-05-27
211,BENEFICIARIO 00211,COMPLETO,M,60+,SUMARE,2018-07-21
212,BENEFICIARIO 00212,REFERENCIA,F,60+,VALINHOS,2018-02-23
213,BENEFICIARIO 00213,HOSPITALAR,M,0-17,JAGUARIUNA,2025-03-02
214,BENEFICIARIO 00214,AMBULATORIAL,M,60+,INDAIATUBA,2022-02-20
215,BENEFICIARIO 00215,AMBULATORIAL,M,60+,CAMPINAS,2018-10-16
216,BENEFICIARIO 00216,REFERENCIA,F,18-29,VALINHOS,2019-02-19
217,BENEFICIARIO 00217,HOSPITALAR,M,18-29,PAULINIA,2023-11-26
218,BENEFICIARIO 00218,HOSPITALAR,F,60+,INDAIATUBA,2019-03-09
219,BENEFICIARIO 00219,REFERENCIA,M,45-59,VALINHOS,2019-11-15
220,BENEFICIARIO 00220,HOSPITALAR,M,60+,HORTOLANDIA,2025-05-17
221,BENEFICIARIO 00221,HOSPITALAR,M,30-44,HORTOLANDIA,2024-03-03
222,BENEFICIARIO 00222,REFERENCIA,M,45-59,INDAIATUBA,2021-08-17
223,BENEFICIARIO 00223,HOSPITALAR,F,45-59,SUMARE,2022-01-14
224,BENEFICIARIO 00224,COMPLETO,M,45-59,CAMPINAS,2018-05-22
225,BENEFICIARIO 00225,REFERENCIA,F,60+,VINHEDO,2021-05-21
226,BENEFICIARIO 00226,AMBULATORIAL,M,18-29,PAULINIA,2021-07-13
227,BENEFICIARIO 00227,AMBULATORIAL,M,60+,VINHEDO,2019-01-22
228,BENEFICIARIO 00228,AMBULATORIAL,M,30-44,VINHEDO,2019-07-21
229,BENEFICIARIO 00229,REFERENCIA,M,60+,PAULINIA,2020-08-12
230,BENEFICIARIO 00230,REFERENCIA,M,0-17,INDAIATUBA,2024-05-19
231,BENEFICIARIO 00231,HOSPITALAR,F,30-44,JAGUARIUNA,2019-12-10
232,BENEFICIARIO 00232,COMPLETO,F,60+,SUMARE,2018-06-03
233,BENEFICIARIO 00233,COMPLETO,F,0-17,HORTOLANDIA,2021-11-26
234,BENEFICIARIO 00234,COMPLETO,M,0-17,PAULINIA,2025-04-27
235,BENEFICIARIO 00235,AMBULATORIAL,M,0-17,SUMARE,2023-11-18
236,BENEFICIARIO 00236,AMBULATORIAL,M,60+,VINHEDO,2021-08-31
237,BENEFICIARIO 00237,HOSPITALAR,F,0-17,INDAIATUBA,2022-12-31
238,BENEFICIARIO 00238,AMBULATORIAL,F,45-59,SUMARE,2022-06-04
239,BENEFICIARIO 00239,HOSPITALAR,F,30-44,VALINHOS,2023-05-04
240,BENEFICIARIO 00240,AMBULATORIAL,M,30-44,VALINHOS,2022-06-21
241,BENEFICIARIO 00241,COMPLETO,F,18-29,JAGUARIUNA,2024-04-09
242,BENEFICIARIO 00242,HOSPITALAR,M,45-59,PAULINIA,2024-04-17
243,BENEFICIARIO 00243,HOSPITALAR,F,0-17,SUMARE,2022-10-28
244,BENEFICIARIO 00244,REFERENCIA,F,0-17,INDAIATUBA,2022-10-01
245,BENEFICIARIO 00245,REFERENCIA,M,18-29,HORTOLANDIA,2021-11-12
246,BENEFICIARIO 00246,AMBULATORIAL,M,18-29,HORTOLANDIA,2024-11-29
247,BENEFICIARIO 00247,COMPLETO,F,45-59,CAMPINAS,2020-08-14
248,BENEFICIARIO 00248,HOSPITALAR,M,18-29,VALINHOS,2019-04-06
249,BENEFICIARIO 00249,AMBULATORIAL,F,60+,VINHEDO,2021-03-24
250,BENEFICIARIO 00250,AMBULATORIAL,M,0-17,SUMARE,2023-01-18
251,BENEFICIARIO 00251,COMPLETO,F,30-44,PAULINIA,2024-01-13
252,BENEFICIARIO 00252,HOSPITALAR,F,60+,SUMARE,2024-02-26
253,BENEFICIARIO 00253,COMPLETO,F,0-17,INDAIATUBA,2024-07-15
254,BENEFICIARIO 00254,AMBULATORIAL,M,18-29,CAMPINAS,2021-03-09
255,BENEFICIARIO 00255,HOSPITALAR,M,0-17,JAGUARIUNA,2025-05-05
256,BENEFICIARIO 00256,AMBULATORIAL,F,45-59,SUMARE,2025-06-08
257,BENEFICIARIO 00257,REFERENCIA,F,0-17,SUMARE,2025-04-13
258,BENEFICIARIO 00258,COMPLETO,F,45-59,VALINHOS,2021-07-16
259,BENEFICIARIO 00259,COMPLETO,F,18-29,PAULINIA,2023-08-13
260,BENEFICIARIO 00260,COMPLETO,F,0-17,PAULINIA,2023-12-09
261,BENEFICIARIO 00261,REFERENCIA,M,45-59,INDAIATUBA,2019-10-06
262,BENEFICIARIO 00262,AMBULATORIAL,M,30-44,HORTOLANDIA,2025-01-04
263,BENEFICIARIO 00263,REFERENCIA,F,60+,SUMARE,2018-09-11
264,BENEFICIARIO 00264,REFERENCIA,M,0-17,SUMARE,2020-07-12
265,BENEFICIARIO 00265,HOSPITALAR,M,45-59,VINHEDO,2018-12-26
266,BENEFICIARIO 00266,COMPLETO,F,45-59,PAULINIA,2024-06-04
267,BENEFICIARIO 00267,HOSPITALAR,M,30-44,HORTOLANDIA,2023-01-14
268,BENEFICIARIO 00268,HOSPITALAR,F,18-29,PAULINIA,2019-07-20
269,BENEFICIARIO 00269,REFERENCIA,F,45-59,VINHEDO,2025-05-11
270,BENEFICIARIO 00270,HOSPITALAR,M,0-17,VALINHOS,2020-01-25
271,BENEFICIARIO 00271,REFERENCIA,F,0-17,HORTOLANDIA,2022-08-23
272,BENEFICIARIO 00272,COMPLETO,M,45-59,SUMARE,2019-09-15
273,BENEFICIARIO 00273,HOSPITALAR,F,18-29,VINHEDO,2018-04-18
274,BENEFICIARIO 00274,REFERENCIA,F,60+,PAULINIA,2020-08-03
275,BENEFICIARIO 00275,AMBULATORIAL,M,0-17,JAGUARIUNA,2019-07-04
276,BENEFICIARIO 00276,COMPLETO,M,18-29,INDAIATUBA,2023-07-06
277,BENEFICIARIO 00277,COMPLETO,F,18-29,PAULINIA,2020-07-15
278,BENEFICIARIO 00278,AMBULATORIAL,M,0-17,SUMARE,2022-08-19
279,BENEFICIARIO 00279,HOSPITALAR,F,18-29,VALINHOS,2019-12-27
280,BENEFICIARIO 00280,COMPLETO,M,30-44,JAGUARIUNA,2020-10-07
281,BENEFICIARIO 00281,COMPLETO,M,0-17,INDAIATUBA,2021-07-05
282,BENEFICIARIO 00282,COMPLETO,F,60+,VALINHOS,2023-01-24
283,BENEFICIARIO 00283,COMPLETO,F,18-29,INDAIATUBA,2018-06-10
284,BENEFICIARIO 00284,COMPLETO,F,18-29,SUMARE,2022-12-06
285,BENEFICIARIO 00285,COMPLETO,M,30-44,JAGUARIUNA,2019-11-13
286,BENEFICIARIO 00286,COMPLETO,M,60+,CAMPINAS,2023-10-19
287,BENEFICIARIO 00287,HOSPITALAR,M,45-59,VALINHOS,2023-08-13
288,BENEFICIARIO 00288,AMBULATORIAL,F,60+,VINHEDO,2022-05-30
289,BENEFICIARIO 00289,COMPLETO,M,45-59,CAMPINAS,2020-01-03
290,BENEFICIARIO 00290,COMPLETO,F,45-59,VALINHOS,2020-10-21
291,BENEFICIARIO 00291,REFERENCIA,F,0-17,VALINHOS,2019-04-13
292,BENEFICIARIO 00292,COMPLETO,M,0-17,INDAIATUBA,2023-09-27
293,BENEFICIARIO 00293,HOSPITALAR,M,60+,INDAIATUBA,2018-06-29
294,BENEFICIARIO 00294,HOSPITALAR,M,60+,VINHEDO,2019-10-27
295,BENEFICIARIO 00295,HOSPITALAR,F,0-17,INDAIATUBA,2021-06-15
296,BENEFICIARIO 00296,REFERENCIA,M,30-44,VINHEDO,2019-04-27
297,BENEFICIARIO 00297,HOSPITALAR,F,0-17,SUMARE,2018-02-20
298,BENEFICIARIO 00298,COMPLETO,M,45-59,CAMPINAS,2024-10-26
299,BENEFICIARIO 00299,COMPLETO,F,18-29,JAGUARIUNA,2023-02-02
300,BENEFICIARIO 00300,COMPLETO,M,0-17,CAMPINAS,2020-09-29
301,BENEFICIARIO 00301,REFERENCIA,F,0-17,VINHEDO,2019-08-31
302,BENEFICIARIO 00302,AMBULATORIAL,M,0-17,VINHEDO,2018-05-13
303,BENEFICIARIO 00303,REFERENCIA,M,0-17,CAMPINAS,2019-03-23
304,BENEFICIARIO 00304,COMPLETO,F,18-29,SUMARE,2024-11-08
305,BENEFICIARIO 00305,HOSPITALAR,M,60+,HORTOLANDIA,2018-05-27
306,BENEFICIARIO 00306,AMBULATORIAL,M,30-44,HORTOLANDIA,2022-04-02
307,BENEFICIARIO 00307,AMBULATORIAL,M,60+,VALINHOS,2021-04-14
308,BENEFICIARIO 00308,COMPLETO,F,0-17,SUMARE,2021-09-10
309,BENEFICIARIO 00309,COMPLETO,F,18-29,CAMPINAS,2019-03-24
310,BENEFICIARIO 00310,AMBULATORIAL,M,60+,SUMARE,2022-10-16
311,BENEFICIARIO 00311,REFERENCIA,M,60+,HORTOLANDIA,2019-06-16
312,BENEFICIARIO 00312,COMPLETO,M,45-59,VINHEDO,2024-11-01
313,BENEFICIARIO 00313,HOSPITALAR,M,18-29,CAMPINAS,2019-04-30
314,BENEFICIARIO 00314,AMBULATORIAL,M,0-17,PAULINIA,2024-11-25
315,BENEFICIARIO 00315,COMPLETO,M,0-17,HORTOLANDIA,2021-12-03
316,BENEFICIARIO 00316,HOSPITALAR,F,18-29,SUMARE,2020-11-08
317,BENEFICIARIO 00317,AMBULATORIAL,M,30-44,HORTOLANDIA,2018-01-26
318,BENEFICIARIO 00318,AMBULATORIAL,M,30-44,INDAIATUBA,2024-05-19
319,BENEFICIARIO 00319,AMBULATORIAL,F,18-29,HORTOLANDIA,2021-10-16
320,BENEFICIARIO 00320,COMPLETO,M,0-17,VINHEDO,2023-05-27
321,BENEFICIARIO 00321,HOSPITALAR,M,60+,HORTOLANDIA,2023-03-10
322,BENEFICIARIO 00322,COMPLETO,F,60+,SUMARE,2024-05-03
323,BENEFICIARIO 00323,REFERENCIA,F,18-29,HORTOLANDIA,2021-12-19
324,BENEFICIARIO 00324,AMBULATORIAL,F,30-44,CAMPINAS,2021-10-21
325,BENEFICIARIO 00325,COMPLETO,F,60+,INDAIATUBA,2020-02-07
326,BENEFICIARIO 00326,AMBULATORIAL,M,30-44,CAMPINAS,2021-01-17
327,BENEFICIARIO 00327,COMPLETO,F,45-59,PAULINIA,2022-03-03
328,BENEFICIARIO 00328,COMPLETO,M,18-29,SUMARE,2019-12-18
329,BENEFICIARIO 00329,AMBULATORIAL,M,0-17,PAULINIA,2019-01-15
330,BENEFICIARIO 00330,COMPLETO,F,45-59,VINHEDO,2020-02-19
331,BENEFICIARIO 00331,REFERENCIA,M,60+,SUMARE,2021-09-02
332,BENEFICIARIO 00332,HOSPITALAR,F,60+,VINHEDO,2020-04-20
333,BENEFICIARIO 00333,AMBULATORIAL,M,45-59,VALINHOS,2018-01-17
334,BENEFICIARIO 00334,REFERENCIA,F,60+,VALINHOS,2021-09-27
335,BENEFICIARIO 00335,COMPLETO,F,0-17,SUMARE,2018-04-03
336,BENEFICIARIO 00336,REFERENCIA,F,30-44,PAULINIA,2020-02-28
337,BENEFICIARIO 00337,REFERENCIA,M,60+,HORTOLANDIA,2022-12-12
338,BENEFICIARIO 00338,AMBULATORIAL,M,18-29,VINHEDO,2021-01-25
339,BENEFICIARIO 00339,AMBULATORIAL,F,60+,VALINHOS,2020-04-26
340,BENEFICIARIO 00340,REFERENCIA,M,30-44,VINHEDO,2021-03-06
341,BENEFICIARIO 00341,HOSPITALAR,F,0-17,SUMARE,2024-11-16
342,BENEFICIARIO 00342,REFERENCIA,M,0-17,VINHEDO,2018-04-29
343,BENEFICIARIO 00343,COMPLETO,F,0-17,INDAIATUBA,2018-08-09
344,BENEFICIARIO 00344,AMBULATORIAL,M,45-59,VINHEDO,2024-09-07
345,BENEFICIARIO 00345,COMPLETO,M,30-44,HORTOLANDIA,2020-03-22
346,BENEFICIARIO 00346,AMBULATORIAL,M,60+,VINHEDO,2019-01-16
347,BENEFICIARIO 00347,COMPLETO,F,45-59,SUMARE,2025-03-24
348,BENEFICIARIO 00348,COMPLETO,M,18-29,PAULINIA,2019-08-12
349,BENEFICIARIO 00349,REFERENCIA,M,45-59,VINHEDO,2025-06-17
350,BENEFICIARIO 00350,REFERENCIA,M,45-59,JAGUARIUNA,2018-05-04
351,BENEFICIARIO 00351,AMBULATORIAL,M,0-17,HORTOLANDIA,2023-05-15
352,BENEFICIARIO 00352,COMPLETO,F,30-44,HORTOLANDIA,2024-10-11
353,BENEFICIARIO 00353,HOSPITALAR,F,45-59,VALINHOS,2021-08-27
354,BENEFICIARIO 00354,AMBULATORIAL,M,60+,JAGUARIUNA,2022-06-30
355,BENEFICIARIO 00355,COMPLETO,F,60+,PAULINIA,2024-02-23
356,BENEFICIARIO 00356,HOSPITALAR,M,45-59,VALINHOS,2021-10-27
357,BENEFICIARIO 00357,HOSPITALAR,M,45-59,HORTOLANDIA,2024-02-09
358,BENEFICIARIO 00358,HOSPITALAR,F,0-17,JAGUARIUNA,2019-04-14
359,BENEFICIARIO 00359,COMPLETO,M,60+,VALINHOS,2022-12-29
360,BENEFICIARIO 00360,HOSPITALAR,M,45-59,VALINHOS,2024-09-16
361,BENEFICIARIO 00361,AMBULATORIAL,M,30-44,JAGUARIUNA,2025-03-26
362,BENEFICIARIO 00362,AMBULATORIAL,F,18-29,VINHEDO,2024-07-06
363,BENEFICIARIO 00363,AMBULATORIAL,F,18-29,JAGUARIUNA,2023-12-17
364,BENEFICIARIO 00364,REFERENCIA,M,60+,JAGUARIUNA,2020-03-12
365,BENEFICIARIO 00365,HOSPITALAR,M,30-44,SUMARE,2022-11-16
366,BENEFICIARIO 00366,REFERENCIA,F,60+,CAMPINAS,2024-11-09
367,BENEFICIARIO 00367,COMPLETO,F,30-44,CAMPINAS,2022-02-21
368,BENEFICIARIO 00368,AMBULATORIAL,F,60+,HORTOLANDIA,2019-03-26
369,BENEFICIARIO 00369,REFERENCIA,F,18-29,INDAIATUBA,2024-08-14
370,BENEFICIARIO 00370,COMPLETO,M,45-59,INDAIATUBA,2022-04-12
371,BENEFICIARIO 00371,COMPLETO,F,18-29,JAGUARIUNA,2019-07-24
372,BENEFICIARIO 00372,HOSPITALAR,M,30-44,INDAIATUBA,2019-09-24
373,BENEFICIARIO 00373,REFERENCIA,F,18-29,CAMPINAS,2018-10-21
374,BENEFICIARIO 00374,AMBULATORIAL,F,45-59,INDAIATUBA,2019-07-11
375,BENEFICIARIO 00375,AMBULATORIAL,F,45-59,JAGUARIUNA,2024-10-11
376,BENEFICIARIO 00376,COMPLETO,F,45-59,INDAIATUBA,2024-03-11
377,BENEFICIARIO 00377,COMPLETO,M,30-44,PAULINIA,2020-02-01
378,BENEFICIARIO 00378,COMPLETO,F,60+,JAGUARIUNA,2020-08-27
379,BENEFICIARIO 00379,REFERENCIA,M,60+,HORTOLANDIA,2018-05-18
380,BENEFICIARIO 00380,AMBULATORIAL,M,30-44,VALINHOS,2024-07-04
381,BENEFICIARIO 00381,COMPLETO,F,18-29,SUMARE,2023-03-20
382,BENEFICIARIO 00382,AMBULATORIAL,F,18-29,JAGUARIUNA,2025-01-27
383,BENEFICIARIO 00383,AMBULATORIAL,M,60+,CAMPINAS,2021-11-08
384,BENEFICIARIO 00384,AMBULATORIAL,M,45-59,JAGUARIUNA,2024-06-08
385,BENEFICIARIO 00385,REFERENCIA,M,30-44,SUMARE,2021-03-30
386,BENEFICIARIO 00386,HOSPITALAR,F,60+,SUMARE,2024-04-27
387,BENEFICIARIO 00387,REFERENCIA,F,45-59,VINHEDO,2024-06-04
388,BENEFICIARIO 00388,AMBULATORIAL,M,60+,CAMPINAS,2021-03-20
389,BENEFICIARIO 00389,COMPLETO,F,18-29,VALINHOS,2021-02-12
390,BENEFICIARIO 00390,REFERENCIA,F,60+,SUMARE,2021-02-01
391,BENEFICIARIO 00391,REFERENCIA,F,0-17,VINHEDO,2024-08-20
392,BENEFICIARIO 00392,HOSPITALAR,M,30-44,VINHEDO,2020-12-06
393,BENEFICIARIO 00393,HOSPITALAR,M,18-29,CAMPINAS,2021-11-05
394,BENEFICIARIO 00394,AMBULATORIAL,F,60+,VINHEDO,2023-07-25
395,BENEFICIARIO 00395,COMPLETO,M,18-29,JAGUARIUNA,2025-02-24
396,BENEFICIARIO 00396,HOSPITALAR,F,60+,HORTOLANDIA,2018-08-11
397,BENEFICIARIO 00397,REFERENCIA,F,0-17,VINHEDO,2023-03-16
398,BENEFICIARIO 00398,COMPLETO,M,30-44,JAGUARIUNA,2023-12-22
399,BENEFICIARIO 00399,HOSPITALAR,M,45-59,JAGUARIUNA,2020-12-11
400,BENEFICIARIO 00400,HOSPITALAR,M,0-17,SUMARE,2023-01-13
401,BENEFICIARIO 00401,COMPLETO,M,60+,CAMPINAS,2019-02-03
402,BENEFICIARIO 00402,REFERENCIA,M,60+,SUMARE,2021-10-04
403,BENEFICIARIO 00403,REFERENCIA,M,0-17,SUMARE,2025-05-04
404,BENEFICIARIO 00404,COMPLETO,M,18-29,PAULINIA,2023-10-31
405,BENEFICIARIO 00405,REFERENCIA,F,30-44,CAMPINAS,2025-07-18
406,BENEFICIARIO 00406,AMBULATORIAL,F,0-17,INDAIATUBA,2019-02-05
407,BENEFICIARIO 00407,AMBULATORIAL,M,30-44,PAULINIA,2021-03-06
408,BENEFICIARIO 00408,REFERENCIA,F,0-17,CAMPINAS,2024-12-12
409,BENEFICIARIO 00409,AMBULATORIAL,F,60+,PAULINIA,2024-09-21
410,BENEFICIARIO 00410,AMBULATORIAL,F,0-17,VINHEDO,2022-03-20
411,BENEFICIARIO 00411,HOSPITALAR,F,18-29,SUMARE,2021-04-21
412,BENEFICIARIO 00412,COMPLETO,F,45-59,SUMARE,2022-10-15
413,BENEFICIARIO 00413,REFERENCIA,M,18-29,VALINHOS,2021-02-09
414,BENEFICIARIO 00414,AMBULATORIAL,M,45-59,HORTOLANDIA,2018-09-04
415,BENEFICIARIO 00415,REFERENCIA,M,18-29,JAGUARIUNA,2018-10-12
416,BENEFICIARIO 00416,COMPLETO,F,60+,INDAIATUBA,2020-01-01
417,BENEFICIARIO 00417,COMPLETO,F,18-29,INDAIATUBA,2020-06-13
418,BENEFICIARIO 00418,AMBULATORIAL,M,30-44,VALINHOS,2018-05-23
419,BENEFICIARIO 00419,AMBULATORIAL,F,60+,SUMARE,2023-01-01
420,BENEFICIARIO 00420,AMBULATORIAL,M,18-29,CAMPINAS,2018-06-04
421,BENEFICIARIO 00421,COMPLETO,M,18-29,HORTOLANDIA,2022-05-22
422,BENEFICIARIO 00422,AMBULATORIAL,M,45-59,INDAIATUBA,2022-07-13
423,BENEFICIARIO 00423,AMBULATORIAL,F,0-17,INDAIATUBA,2023-05-29
424,BENEFICIARIO 00424,AMBULATORIAL,M,30-44,SUMARE,2022-06-29
425,BENEFICIARIO 00425,AMBULATORIAL,F,30-44,HORTOLANDIA,2018-11-26
426,BENEFICIARIO 00426,COMPLETO,M,18-29,VINHEDO,2024-03-21
427,BENEFICIARIO 00427,AMBULATORIAL,M,18-29,SUMARE,2022-05-17
428,BENEFICIARIO 00428,AMBULATORIAL,M,45-59,VALINHOS,2025-02-04
429,BENEFICIARIO 00429,COMPLETO,F,18-29,CAMPINAS,2020-03-01
430,BENEFICIARIO 00430,AMBULATORIAL,F,45-59,INDAIATUBA,2018-09-16
431,BENEFICIARIO 00431,REFERENCIA,M,60+,JAGUARIUNA,2018-03-09
432,BENEFICIARIO 00432,AMBULATORIAL,M,0-17,HORTOLANDIA,2018-06-25
433,BENEFICIARIO 00433,COMPLETO,F,18-29,JAGUARIUNA,2025-08-09
434,BENEFICIARIO 00434,HOSPITALAR,F,0-17,CAMPINAS,2019-08-03
435,BENEFICIARIO 00435,COMPLETO,F,45-59,CAMPINAS,2020-09-21
436,BENEFICIARIO 00436,HOSPITALAR,F,18-29,CAMPINAS,2021-06-12
437,BENEFICIARIO 00437,AMBULATORIAL,M,60+,VINHEDO,2024-08-17
438,BENEFICIARIO 00438,AMBULATORIAL,F,0-17,JAGUARIUNA,2024-09-03
439,BENEFICIARIO 00439,HOSPITALAR,F,18-29,INDAIATUBA,2021-10-13
440,BENEFICIARIO 00440,COMPLETO,M,0-17,VINHEDO,2021-08-10
441,BENEFICIARIO 00441,HOSPITALAR,F,60+,VINHEDO,2021-10-06
442,BENEFICIARIO 00442,AMBULATORIAL,F,30-44,VINHEDO,2022-08-28
443,BENEFICIARIO 00443,HOSPITALAR,M,60+,VINHEDO,2022-12-02
444,BENEFICIARIO 00444,HOSPITALAR,F,18-29,VALINHOS,2025-02-02
445,BENEFICIARIO 00445,COMPLETO,F,0-17,JAGUARIUNA,2018-11-27
446,BENEFICIARIO 00446,AMBULATORIAL,F,18-29,VALINHOS,2025-04-23
447,BENEFICIARIO 00447,REFERENCIA,M,45-59,VINHEDO,2020-04-24
448,BENEFICIARIO 00448,HOSPITALAR,M,60+,JAGUARIUNA,2022-08-15
449,BENEFICIARIO 00449,HOSPITALAR,F,60+,CAMPINAS,2024-09-08
450,BENEFICIARIO 00450,HOSPITALAR,M,60+,VALINHOS,2025-01-12
451,BENEFICIARIO 00451,REFERENCIA,M,45-59,CAMPINAS,2024-04-03
452,BENEFICIARIO 00452,HOSPITALAR,F,0-17,VALINHOS,2024-12-10
453,BENEFICIARIO 00453,REFERENCIA,F,45-59,PAULINIA,2021-02-06
454,BENEFICIARIO 00454,AMBULATORIAL,F,0-17,VINHEDO,2023-04-28
455,BENEFICIARIO 00455,COMPLETO,F,18-29,CAMPINAS,2018-08-10
456,BENEFICIARIO 00456,REFERENCIA,M,18-29,INDAIATUBA,2020-10-26
457,BENEFICIARIO 00457,REFERENCIA,M,0-17,VALINHOS,2018-08-03
458,BENEFICIARIO 00458,HOSPITALAR,F,0-17,JAGUARIUNA,2023-10-11
459,BENEFICIARIO 00459,AMBULATORIAL,F,18-29,JAGUARIUNA,2024-08-24
460,BENEFICIARIO 00460,REFERENCIA,M,18-29,HORTOLANDIA,2020-07-31
461,BENEFICIARIO 00461,AMBULATORIAL,M,18-29,VALINHOS,2020-08-29
462,BENEFICIARIO 00462,COMPLETO,F,45-59,PAULINIA,2018-10-29
463,BENEFICIARIO 00463,COMPLETO,M,0-17,INDAIATUBA,2019-08-17
464,BENEFICIARIO 00464,HOSPITALAR,M,18-29,INDAIATUBA,2022-03-10
465,BENEFICIARIO 00465,HOSPITALAR,M,18-29,HORTOLANDIA,2021-01-09
466,BENEFICIARIO 00466,HOSPITALAR,M,18-29,CAMPINAS,2024-05-18
467,BENEFICIARIO 00467,AMBULATORIAL,M,18-29,VALINHOS,2023-03-22
468,BENEFICIARIO 00468,COMPLETO,M,18-29,HORTOLANDIA,2020-06-19
469,BENEFICIARIO 00469,REFERENCIA,F,60+,VINHEDO,2024-06-25
470,BENEFICIARIO 00470,HOSPITALAR,F,45-59,JAGUARIUNA,2020-06-05
471,BENEFICIARIO 00471,COMPLETO,M,30-44,CAMPINAS,2022-10-20
472,BENEFICIARIO 00472,HOSPITALAR,F,30-44,INDAIATUBA,2024-07-01
473,BENEFICIARIO 00473,HOSPITALAR,F,60+,CAMPINAS,2022-09-08
474,BENEFICIARIO 00474,AMBULATORIAL,F,45-59,CAMPINAS,2022-10-10
475,BENEFICIARIO 00475,COMPLETO,M,0-17,JAGUARIUNA,2023-07-22
476,BENEFICIARIO 00476,HOSPITALAR,F,60+,CAMPINAS,2022-07-24
477,BENEFICIARIO 00477,HOSPITALAR,F,30-44,SUMARE,2020-09-06
478,BENEFICIARIO 00478,AMBULATORIAL,F,45-59,SUMARE,2019-10-25
479,BENEFICIARIO 00479,COMPLETO,F,45-59,JAGUARIUNA,2019-07-22
480,BENEFICIARIO 00480,COMPLETO,F,30-44,JAGUARIUNA,2025-02-07
481,BENEFICIARIO 00481,AMBULATORIAL,F,45-59,HORTOLANDIA,2023-12-15
482,BENEFICIARIO 00482,AMBULATORIAL,M,45-59,SUMARE,2024-11-13
483,BENEFICIARIO 00483,HOSPITALAR,F,60+,HORTOLANDIA,2018-08-13
484,BENEFICIARIO 00484,REFERENCIA,F,0-17,INDAIATUBA,2022-02-06
485,BENEFICIARIO 00485,COMPLETO,F,30-44,HORTOLANDIA,2019-12-19
486,BENEFICIARIO 00486,AMBULATORIAL,F,18-29,HORTOLANDIA,2020-09-04
487,BENEFICIARIO 00487,AMBULATORIAL,M,60+,PAULINIA,2020-07-12
488,BENEFICIARIO 00488,REFERENCIA,M,30-44,INDAIATUBA,2021-02-09
489,BENEFICIARIO 00489,AMBULATORIAL,F,30-44,HORTOLANDIA,2023-01-28
490,BENEFICIARIO 00490,COMPLETO,F,45-59,SUMARE,2023-01-26
491,BENEFICIARIO 00491,REFERENCIA,F,18-29,JAGUARIUNA,2018-12-24
492,BENEFICIARIO 00492,AMBULATORIAL,M,18-29,SUMARE,2018-11-12
493,BENEFICIARIO 00493,AMBULATORIAL,F,30-44,VALINHOS,2019-08-30
494,BENEFICIARIO 00494,COMPLETO,F,18-29,CAMPINAS,2021-04-15
495,BENEFICIARIO 00495,COMPLETO,F,45-59,HORTOLANDIA,2022-09-17
496,BENEFICIARIO 00496,COMPLETO,F,30-44,PAULINIA,2018-09-15
497,BENEFICIARIO 00497,AMBULATORIAL,F,60+,HORTOLANDIA,2022-08-14
498,BENEFICIARIO 00498,REFERENCIA,M,45-59,JAGUARIUNA,2023-02-19
499,BENEFICIARIO 00499,REFERENCIA,F,30-44,VINHEDO,2020-11-30
500,BENEFICIARIO 00500,HOSPITALAR,M,30-44,SUMARE,2018-07-13
501,BENEFICIARIO 00501,HOSPITALAR,M,30-44,JAGUARIUNA,2019-11-13
502,BENEFICIARIO 00502,HOSPITALAR,M,18-29,VINHEDO,2025-06-22
503,BENEFICIARIO 00503,HOSPITALAR,F,18-29,VALINHOS,2018-06-18
504,BENEFICIARIO 00504,REFERENCIA,F,45-59,SUMARE,2022-02-23
505,BENEFICIARIO 00505,HOSPITALAR,F,60+,CAMPINAS,2025-06-19
506,BENEFICIARIO 00506,REFERENCIA,M,18-29,HORTOLANDIA,2023-01-11
507,BENEFICIARIO 00507,HOSPITALAR,M,0-17,CAMPINAS,2022-07-16
508,BENEFICIARIO 00508,COMPLETO,F,45-59,HORTOLANDIA,2019-10-02
509,BENEFICIARIO 00509,AMBULATORIAL,M,30-44,JAGUARIUNA,2021-04-02
510,BENEFICIARIO 00510,HOSPITALAR,M,30-44,VALINHOS,2023-05-16
511,BENEFICIARIO 00511,AMBULATORIAL,F,60+,VALINHOS,2021-06-15
512,BENEFICIARIO 00512,AMBULATORIAL,M,60+,PAULINIA,2023-01-01
513,BENEFICIARIO 00513,REFERENCIA,F,30-44,CAMPINAS,2024-10-26
514,BENEFICIARIO 00514,HOSPITALAR,F,30-44,PAULINIA,2018-04-03
515,BENEFICIARIO 00515,AMBULATORIAL,M,0-17,INDAIATUBA,2020-03-07
516,BENEFICIARIO 00516,COMPLETO,M,60+,CAMPINAS,2025-06-24
517,BENEFICIARIO 00517,REFERENCIA,M,18-29,INDAIATUBA,2022-02-23
518,BENEFICIARIO 00518,COMPLETO,M,0-17,SUMARE,2021-11-13
519,BENEFICIARIO 00519,REFERENCIA,M,45-59,VALINHOS,2020-06-02
520,BENEFICIARIO 00520,COMPLETO,M,45-59,SUMARE,2019-11-02
521,BENEFICIARIO 00521,COMPLETO,M,18-29,VALINHOS,2019-08-12
522,BENEFICIARIO 00522,HOSPITALAR,M,45-59,HORTOLANDIA,2018-09-28
523,BENEFICIARIO 00523,COMPLETO,F,0-17,INDAIATUBA,2025-03-01
524,BENEFICIARIO 00524,REFERENCIA,M,18-29,JAGUARIUNA,2024-05-15
525,BENEFICIARIO 00525,HOSPITALAR,F,18-29,INDAIATUBA,2021-03-31
526,BENEFICIARIO 00526,COMPLETO,F,30-44,SUMARE,2023-07-17
527,BENEFICIARIO 00527,COMPLETO,F,0-17,CAMPINAS,2019-09-23
528,BENEFICIARIO 00528,REFERENCIA,M,45-59,VALINHOS,2025-05-02
529,BENEFICIARIO 00529,REFERENCIA,M,18-29,JAGUARIUNA,2025-03-26
530,BENEFICIARIO 00530,HOSPITALAR,F,0-17,SUMARE,2023-07-13
531,BENEFICIARIO 00531,AMBULATORIAL,M,60+,JAGUARIUNA,2024-05-05
532,BENEFICIARIO 00532,COMPLETO,M,45-59,VALINHOS,2022-03-09
533,BENEFICIARIO 00533,AMBULATORIAL,M,18-29,CAMPINAS,2019-08-22
534,BENEFICIARIO 00534,REFERENCIA,M,18-29,HORTOLANDIA,2019-10-31
535,BENEFICIARIO 00535,AMBULATORIAL,M,30-44,INDAIATUBA,2025-02-19
536,BENEFICIARIO 00536,REFERENCIA,F,30-44,SUMARE,2023-12-10
537,BENEFICIARIO 00537,AMBULATORIAL,F,18-29,VALINHOS,2024-09-18
538,BENEFICIARIO 00538,HOSPITALAR,M,30-44,SUMARE,2021-01-16
539,BENEFICIARIO 00539,REFERENCIA,F,60+,HORTOLANDIA,2019-08-12
540,BENEFICIARIO 00540,AMBULATORIAL,F,60+,SUMARE,2022-03-08
541,BENEFICIARIO 00541,COMPLETO,M,30-44,VINHEDO,2019-02-24
542,BENEFICIARIO 00542,HOSPITALAR,F,60+,PAULINIA,2020-02-11
543,BENEFICIARIO 00543,AMBULATORIAL,M,45-59,VALINHOS,2019-04-23
544,BENEFICIARIO 00544,HOSPITALAR,F,45-59,HORTOLANDIA,2021-06-30
545,BENEFICIARIO 00545,REFERENCIA,F,45-59,HORTOLANDIA,2019-12-07
546,BENEFICIARIO 00546,REFERENCIA,F,0-17,PAULINIA,2019-06-12
547,BENEFICIARIO 00547,HOSPITALAR,F,30-44,VINHEDO,2020-05-09
548,BENEFICIARIO 00548,HOSPITALAR,F,45-59,VALINHOS,2018-11-15
549,BENEFICIARIO 00549,AMBULATORIAL,M,45-59,CAMPINAS,2020-03-15
550,BENEFICIARIO 00550,AMBULATORIAL,F,60+,CAMPINAS,2023-04-06
551,BENEFICIARIO 00551,AMBULATORIAL,M,0-17,VALINHOS,2021-05-20
552,BENEFICIARIO 00552,AMBULATORIAL,F,0-17,PAULINIA,2024-08-03
553,BENEFICIARIO 00553,HOSPITALAR,F,30-44,CAMPINAS,2019-01-07
554,BENEFICIARIO 00554,HOSPITALAR,M,60+,HORTOLANDIA,2021-12-13
555,BENEFICIARIO 00555,HOSPITALAR,F,60+,VALINHOS,2019-02-10
556,BENEFICIARIO 00556,AMBULATORIAL,F,18-29,SUMARE,2019-12-05
557,BENEFICIARIO 00557,AMBULATORIAL,F,18-29,JAGUARIUNA,2022-02-10
558,BENEFICIARIO 00558,HOSPITALAR,M,0-17,VINHEDO,2021-12-24
559,BENEFICIARIO 00559,COMPLETO,M,18-29,PAULINIA,2022-07-28
560,BENEFICIARIO 00560,AMBULATORIAL,M,0-17,JAGUARIUNA,2019-03-28
561,BENEFICIARIO 00561,HOSPITALAR,M,30-44,SUMARE,2024-04-01
562,BENEFICIARIO 00562,AMBULATORIAL,F,30-44,JAGUARIUNA,2019-04-19
563,BENEFICIARIO 00563,COMPLETO,M,45-59,SUMARE,2022-12-24
564,BENEFICIARIO 00564,HOSPITALAR,M,30-44,INDAIATUBA,2020-02-13
565,BENEFICIARIO 00565,AMBULATORIAL,M,30-44,VINHEDO,2018-02-22
566,BENEFICIARIO 00566,COMPLETO,F,45-59,JAGUARIUNA,2023-11-11
567,BENEFICIARIO 00567,AMBULATORIAL,F,18-29,INDAIATUBA,2022-06-29
568,BENEFICIARIO 00568,AMBULATORIAL,F,0-17,HORTOLANDIA,2020-03-26
569,BENEFICIARIO 00569,REFERENCIA,F,60+,INDAIATUBA,2019-05-18
570,BENEFICIARIO 00570,HOSPITALAR,M,45-59,SUMARE,2024-07-11
571,BENEFICIARIO 00571,REFERENCIA,M,30-44,JAGUARIUNA,2025-06-23
572,BENEFICIARIO 00572,COMPLETO,M,60+,SUMARE,2019-08-27
573,BENEFICIARIO 00573,COMPLETO,F,0-17,SUMARE,2023-06-28
574,BENEFICIARIO 00574,COMPLETO,F,18-29,CAMPINAS,2019-02-12
575,BENEFICIARIO 00575,AMBULATORIAL,F,45-59,CAMPINAS,2020-01-04
576,BENEFICIARIO 00576,COMPLETO,M,18-29,SUMARE,2024-12-22
577,BENEFICIARIO 00577,AMBULATORIAL,F,60+,JAGUARIUNA,2023-03-24
578,BENEFICIARIO 00578,HOSPITALAR,M,45-59,JAGUARIUNA,2023-08-30
579,BENEFICIARIO 00579,REFERENCIA,M,60+,CAMPINAS,2018-05-10
580,BENEFICIARIO 00580,COMPLETO,F,45-59,JAGUARIUNA,2021-07-12
581,BENEFICIARIO 00581,COMPLETO,M,45-59,CAMPINAS,2018-05-15
582,BENEFICIARIO 00582,HOSPITALAR,M,18-29,JAGUARIUNA,2022-10-31
583,BENEFICIARIO 00583,HOSPITALAR,M,45-59,JAGUARIUNA,2019-03-25
584,BENEFICIARIO 00584,COMPLETO,M,45-59,VINHEDO,2023-09-07
585,BENEFICIARIO 00585,AMBULATORIAL,M,30-44,JAGUARIUNA,2024-08-17
586,BENEFICIARIO 00586,COMPLETO,M,30-44,HORTOLANDIA,2018-09-09
587,BENEFICIARIO 00587,AMBULATORIAL,F,18-29,HORTOLANDIA,2021-11-29
588,BENEFICIARIO 00588,AMBULATORIAL,M,45-59,VALINHOS,2022-10-20
589,BENEFICIARIO 00589,REFERENCIA,M,45-59,HORTOLANDIA,2018-08-20
590,BENEFICIARIO 00590,HOSPITALAR,F,18-29,SUMARE,2024-08-24
591,BENEFICIARIO 00591,AMBULATORIAL,F,30-44,VALINHOS,2021-10-14
592,BENEFICIARIO 00592,HOSPITALAR,F,60+,HORTOLANDIA,2018-06-03
593,BENEFICIARIO 00593,COMPLETO,M,60+,INDAIATUBA,2020-12-28
594,BENEFICIARIO 00594,AMBULATORIAL,M,60+,CAMPINAS,2021-07-20
595,BENEFICIARIO 00595,COMPLETO,M,30-44,VALINHOS,2023-06-24
596,BENEFICIARIO 00596,AMBULATORIAL,F,30-44,JAGUARIUNA,2023-08-22
597,BENEFICIARIO 00597,REFERENCIA,F,60+,SUMARE,2022-01-28
598,BENEFICIARIO 00598,COMPLETO,F,45-59,VALINHOS,2024-01-04
599,BENEFICIARIO 00599,HOSPITALAR,M,30-44,CAMPINAS,2021-05-02
600,BENEFICIARIO 00600,COMPLETO,F,60+,VALINHOS,2024-06-26
601,BENEFICIARIO 00601,AMBULATORIAL,M,30-44,VALINHOS,2024-05-09
602,BENEFICIARIO 00602,COMPLETO,M,18-29,HORTOLANDIA,2018-11-11
603,BENEFICIARIO 00603,REFERENCIA,M,45-59,HORTOLANDIA,2020-03-30
604,BENEFICIARIO 00604,COMPLETO,M,30-44,JAGUARIUNA,2025-07-13
605,BENEFICIARIO 00605,HOSPITALAR,F,60+,VINHEDO,2024-06-20
606,BENEFICIARIO 00606,COMPLETO,F,45-59,SUMARE,2025-02-25
607,BENEFICIARIO 00607,COMPLETO,F,60+,PAULINIA,2022-02-01
608,BENEFICIARIO 00608,COMPLETO,F,18-29,VINHEDO,2021-05-14
609,BENEFICIARIO 00609,COMPLETO,M,30-44,VALINHOS,2025-02-09
610,BENEFICIARIO 00610,HOSPITALAR,M,30-44,SUMARE,2025-03-31
611,BENEFICIARIO 00611,HOSPITALAR,M,60+,PAULINIA,2022-07-21
612,BENEFICIARIO 00612,HOSPITALAR,F,18-29,PAULINIA,2018-04-24
613,BENEFICIARIO 00613,HOSPITALAR,M,45-59,JAGUARIUNA,2024-04-12
614,BENEFICIARIO 00614,COMPLETO,M,0-17,PAULINIA,2019-10-15
615,BENEFICIARIO 00615,REFERENCIA,F,0-17,SUMARE,2021-02-11
616,BENEFICIARIO 00616,HOSPITALAR,F,45-59,CAMPINAS,2018-08-15
617,BENEFICIARIO 00617,AMBULATORIAL,M,60+,SUMARE,2018-09-18
618,BENEFICIARIO 00618,COMPLETO,M,0-17,INDAIATUBA,2019-07-30
619,BENEFICIARIO 00619,HOSPITALAR,F,60+,VALINHOS,2023-11-08
620,BENEFICIARIO 00620,REFERENCIA,M,0-17,PAULINIA,2024-09-22
621,BENEFICIARIO 00621,AMBULATORIAL,M,30-44,INDAIATUBA,2020-08-24
622,BENEFICIARIO 00622,COMPLETO,F,18-29,VALINHOS,2019-12-19
623,BENEFICIARIO 00623,HOSPITALAR,M,45-59,INDAIATUBA,2020-11-07
624,BENEFICIARIO 00624,AMBULATORIAL,M,60+,HORTOLANDIA,2019-04-08
625,BENEFICIARIO 00625,REFERENCIA,M,45-59,PAULINIA,2021-02-11
626,BENEFICIARIO 00626,HOSPITALAR,M,45-59,HORTOLANDIA,2021-06-16
627,BENEFICIARIO 00627,AMBULATORIAL,F,0-17,PAULINIA,2020-11-02
628,BENEFICIARIO 00628,COMPLETO,M,30-44,VALINHOS,2023-12-31
629,BENEFICIARIO 00629,HOSPITALAR,M,45-59,CAMPINAS,2022-05-29
630,BENEFICIARIO 00630,REFERENCIA,M,0-17,PAULINIA,2021-05-03
631,BENEFICIARIO 00631,HOSPITALAR,F,45-59,HORTOLANDIA,2025-03-24
632,BENEFICIARIO 00632,COMPLETO,F,30-44,VALINHOS,2023-07-07
633,BENEFICIARIO 00633,COMPLETO,M,30-44,INDAIATUBA,2019-02-16
634,BENEFICIARIO 00634,HOSPITALAR,M,60+,VALINHOS,2021-12-12
635,BENEFICIARIO 00635,COMPLETO,M,45-59,CAMPINAS,2018-08-02
636,BENEFICIARIO 00636,HOSPITALAR,M,18-29,CAMPINAS,2022-06-30
637,BENEFICIARIO 00637,HOSPITALAR,M,30-44,VALINHOS,2019-03-30
638,BENEFICIARIO 00638,HOSPITALAR,F,60+,VINHEDO,2024-08-30
639,BENEFICIARIO 00639,COMPLETO,M,45-59,JAGUARIUNA,2019-07-01
640,BENEFICIARIO 00640,REFERENCIA,F,60+,HORTOLANDIA,2021-02-28
641,BENEFICIARIO 00641,HOSPITALAR,F,45-59,HORTOLANDIA,2020-01-16
642,BENEFICIARIO 00642,COMPLETO,M,60+,PAULINIA,2018-03-26
643,BENEFICIARIO 00643,AMBULATORIAL,F,0-17,JAGUARIUNA,2020-03-23
644,BENEFICIARIO 00644,REFERENCIA,F,0-17,INDAIATUBA,2024-12-06
645,BENEFICIARIO 00645,COMPLETO,M,18-29,VALINHOS,2022-02-16
646,BENEFICIARIO 00646,HOSPITALAR,F,0-17,INDAIATUBA,2023-02-02
647,BENEFICIARIO 00647,COMPLETO,F,18-29,PAULINIA,2020-02-20
648,BENEFICIARIO 00648,REFERENCIA,M,45-59,INDAIATUBA,2019-06-18
649,BENEFICIARIO 00649,COMPLETO,F,60+,PAULINIA,2021-03-05
650,BENEFICIARIO 00650,HOSPITALAR,M,18-29,INDAIATUBA,2019-08-21
651,BENEFICIARIO 00651,AMBULATORIAL,M,30-44,PAULINIA,2024-12-05
652,BENEFICIARIO 00652,COMPLETO,F,30-44,JAGUARIUNA,2018-12-18
653,BENEFICIARIO 00653,AMBULATORIAL,M,18-29,HORTOLANDIA,2022-06-17
654,BENEFICIARIO 00654,HOSPITALAR,M,45-59,SUMARE,2018-10-27
655,BENEFICIARIO 00655,AMBULATORIAL,F,0-17,HORTOLANDIA,2020-08-19
656,BENEFICIARIO 00656,COMPLETO,M,60+,CAMPINAS,2018-01-22
657,BENEFICIARIO 00657,REFERENCIA,M,30-44,INDAIATUBA,2025-07-12
658,BENEFICIARIO 00658,REFERENCIA,F,60+,CAMPINAS,2024-07-05
659,BENEFICIARIO 00659,HOSPITALAR,M,18-29,JAGUARIUNA,2021-10-21
660,BENEFICIARIO 00660,COMPLETO,F,0-17,HORTOLANDIA,2023-12-13
661,BENEFICIARIO 00661,COMPLETO,F,30-44,VALINHOS,2021-07-07
662,BENEFICIARIO 00662,AMBULATORIAL,F,45-59,SUMARE,2022-01-16
663,BENEFICIARIO 00663,COMPLETO,M,30-44,SUMARE,2023-10-19
664,BENEFICIARIO 00664,REFERENCIA,M,18-29,HORTOLANDIA,2023-07-06
665,BENEFICIARIO 00665,HOSPITALAR,M,0-17,PAULINIA,2019-09-01
666,BENEFICIARIO 00666,AMBULATORIAL,F,18-29,CAMPINAS,2023-04-11
667,BENEFICIARIO 00667,REFERENCIA,F,45-59,INDAIATUBA,2019-04-21
668,BENEFICIARIO 00668,COMPLETO,F,45-59,HORTOLANDIA,2024-04-16
669,BENEFICIARIO 00669,COMPLETO,M,45-59,VALINHOS,2019-08-30
670,BENEFICIARIO 00670,AMBULATORIAL,M,0-17,PAULINIA,2021-03-09
671,BENEFICIARIO 00671,HOSPITALAR,F,60+,SUMARE,2024-04-26
672,BENEFICIARIO 00672,HOSPITALAR,F,60+,VINHEDO,2022-09-02
673,BENEFICIARIO 00673,AMBULATORIAL,F,45-59,VALINHOS,2021-09-08
674,BENEFICIARIO 00674,AMBULATORIAL,M,0-17,INDAIATUBA,2022-03-11
675,BENEFICIARIO 00675,AMBULATORIAL,M,18-29,CAMPINAS,2018-11-29
676,BENEFICIARIO 00676,COMPLETO,M,45-59,SUMARE,2024-08-30
677,BENEFICIARIO 00677,AMBULATORIAL,M,0-17,JAGUARIUNA,2021-08-23
678,BENEFICIARIO 00678,HOSPITALAR,F,0-17,SUMARE,2021-08-16
679,BENEFICIARIO 00679,AMBULATORIAL,F,60+,INDAIATUBA,2019-01-15
680,BENEFICIARIO 00680,COMPLETO,M,18-29,PAULINIA,2022-06-22
681,BENEFICIARIO 00681,AMBULATORIAL,F,18-29,VINHEDO,2022-05-11
682,BENEFICIARIO 00682,COMPLETO,M,18-29,VALINHOS,2021-05-07
683,BENEFICIARIO 00683,COMPLETO,M,30-44,VINHEDO,2022-01-10
684,BENEFICIARIO 00684,AMBULATORIAL,M,60+,PAULINIA,2023-06-29
685,BENEFICIARIO 00685,COMPLETO,M,45-59,SUMARE,2024-04-25
686,BENEFICIARIO 00686,COMPLETO,F,45-59,HORTOLANDIA,2024-11-19
687,BENEFICIARIO 00687,HOSPITALAR,M,45-59,VALINHOS,2018-06-15
688,BENEFICIARIO 00688,REFERENCIA,M,18-29,VINHEDO,2023-07-22
689,BENEFICIARIO 00689,AMBULATORIAL,M,45-59,INDAIATUBA,2018-11-21
690,BENEFICIARIO 00690,COMPLETO,M,18-29,VINHEDO,2021-05-15
691,BENEFICIARIO 00691,HOSPITALAR,M,30-44,CAMPINAS,2024-03-06
692,BENEFICIARIO 00692,AMBULATORIAL,F,60+,VALINHOS,2023-09-23
693,BENEFICIARIO 00693,COMPLETO,M,0-17,JAGUARIUNA,2025-05-30
694,BENEFICIARIO 00694,REFERENCIA,M,30-44,VALINHOS,2023-08-25
695,BENEFICIARIO 00695,AMBULATORIAL,F,45-59,VINHEDO,2020-01-17
696,BENEFICIARIO 00696,COMPLETO,F,0-17,INDAIATUBA,2021-05-04
697,BENEFICIARIO 00697,REFERENCIA,M,45-59,SUMARE,2021-10-30
698,BENEFICIARIO 00698,HOSPITALAR,F,18-29,VALINHOS,2024-10-10
699,BENEFICIARIO 00699,REFERENCIA,F,45-59,CAMPINAS,2018-01-24
700,BENEFICIARIO 00700,COMPLETO,F,0-17,VINHEDO,2025-05-10
701,BENEFICIARIO 00701,COMPLETO,M,45-59,JAGUARIUNA,2021-05-25
702,BENEFICIARIO 00702,REFERENCIA,M,30-44,VALINHOS,2019-05-28
703,BENEFICIARIO 00703,HOSPITALAR,F,18-29,VALINHOS,2018-03-07
704,BENEFICIARIO 00704,HOSPITALAR,F,18-29,JAGUARIUNA,2025-04-10
705,BENEFICIARIO 00705,HOSPITALAR,F,45-59,PAULINIA,2018-12-19
706,BENEFICIARIO 00706,REFERENCIA,M,18-29,JAGUARIUNA,2022-09-25
707,BENEFICIARIO 00707,AMBULATORIAL,F,18-29,VINHEDO,2022-12-29
708,BENEFICIARIO 00708,COMPLETO,M,0-17,JAGUARIUNA,2024-07-25
709,BENEFICIARIO 00709,HOSPITALAR,F,30-44,INDAIATUBA,2018-07-28
710,BENEFICIARIO 00710,REFERENCIA,F,0-17,INDAIATUBA,2022-08-30
711,BENEFICIARIO 00711,COMPLETO,M,0-17,JAGUARIUNA,2022-06-26
712,BENEFICIARIO 00712,COMPLETO,M,18-29,CAMPINAS,2023-12-04
713,BENEFICIARIO 00713,AMBULATORIAL,M,60+,HORTOLANDIA,2024-03-16
714,BENEFICIARIO 00714,AMBULATORIAL,M,45-59,JAGUARIUNA,2019-04-24
715,BENEFICIARIO 00715,COMPLETO,M,45-59,INDAIATUBA,2018-03-27
716,BENEFICIARIO 00716,HOSPITALAR,M,18-29,JAGUARIUNA,2021-11-09
717,BENEFICIARIO 00717,COMPLETO,F,60+,PAULINIA,2024-08-04
718,BENEFICIARIO 00718,REFERENCIA,M,18-29,SUMARE,2022-05-18
719,BENEFICIARIO 00719,COMPLETO,M,45-59,VINHEDO,2024-12-22
720,BENEFICIARIO 00720,HOSPITALAR,M,0-17,JAGUARIUNA,2019-06-13
721,BENEFICIARIO 00721,HOSPITALAR,F,18-29,JAGUARIUNA,2019-02-18
722,BENEFICIARIO 00722,COMPLETO,M,30-44,PAULINIA,2020-05-07
723,BENEFICIARIO 00723,AMBULATORIAL,F,30-44,SUMARE,2022-01-02
724,BENEFICIARIO 00724,HOSPITALAR,F,60+,CAMPINAS,2018-09-18
725,BENEFICIARIO 00725,REFERENCIA,M,0-17,PAULINIA,2019-05-10
726,BENEFICIARIO 00726,HOSPITALAR,M,30-44,HORTOLANDIA,2021-12-26
727,BENEFICIARIO 00727,AMBULATORIAL,M,18-29,VALINHOS,2018-07-26
728,BENEFICIARIO 00728,COMPLETO,M,0-17,VALINHOS,2024-11-05
729,BENEFICIARIO 00729,AMBULATORIAL,F,60+,VALINHOS,2019-11-16
730,BENEFICIARIO 00730,AMBULATORIAL,F,30-44,VINHEDO,2021-04-11
731,BENEFICIARIO 00731,COMPLETO,M,0-17,VINHEDO,2025-04-04
732,BENEFICIARIO 00732,REFERENCIA,M,18-29,VALINHOS,2020-04-06
733,BENEFICIARIO 00733,COMPLETO,M,0-17,PAULINIA,2023-04-25
734,BENEFICIARIO 00734,REFERENCIA,M,60+,VINHEDO,2018-12-16
735,BENEFICIARIO 00735,REFERENCIA,M,45-59,HORTOLANDIA,2025-01-22
736,BENEFICIARIO 00736,HOSPITALAR,F,60+,INDAIATUBA,2020-07-23
737,BENEFICIARIO 00737,HOSPITALAR,M,45-59,INDAIATUBA,2023-02-23
738,BENEFICIARIO 00738,REFERENCIA,F,45-59,VINHEDO,2018-02-10
739,BENEFICIARIO 00739,AMBULATORIAL,F,30-44,HORTOLANDIA,2022-07-04
740,BENEFICIARIO 00740,HOSPITALAR,M,0-17,INDAIATUBA,2018-06-01
741,BENEFICIARIO 00741,HOSPITALAR,F,60+,SUMARE,2022-09-14
742,BENEFICIARIO 00742,COMPLETO,M,30-44,HORTOLANDIA,2018-02-02
743,BENEFICIARIO 00743,REFERENCIA,F,45-59,JAGUARIUNA,2025-03-22
744,BENEFICIARIO 00744,HOSPITALAR,M,30-44,INDAIATUBA,2020-03-19
745,BENEFICIARIO 00745,REFERENCIA,F,0-17,HORTOLANDIA,2022-05-17
746,BENEFICIARIO 00746,HOSPITALAR,M,18-29,VALINHOS,2023-09-27
747,BENEFICIARIO 00747,REFERENCIA,M,18-29,CAMPINAS,2018-04-25
748,BENEFICIARIO 00748,REFERENCIA,F,30-44,INDAIATUBA,2023-09-01
749,BENEFICIARIO 00749,AMBULATORIAL,F,30-44,SUMARE,2025-01-12
750,BENEFICIARIO 00750,REFERENCIA,F,0-17,VALINHOS,2023-01-13
751,BENEFICIARIO 00751,REFERENCIA,F,45-59,HORTOLANDIA,2020-08-25
752,BENEFICIARIO 00752,HOSPITALAR,M,30-44,SUMARE,2025-06-24
753,BENEFICIARIO 00753,HOSPITALAR,M,60+,PAULINIA,2019-03-08
754,BENEFICIARIO 00754,REFERENCIA,F,30-44,JAGUARIUNA,2019-02-06
755,BENEFICIARIO 00755,HOSPITALAR,M,45-59,VALINHOS,2019-01-13
756,BENEFICIARIO 00756,AMBULATORIAL,M,18-29,JAGUARIUNA,2020-05-29
757,BENEFICIARIO 00757,COMPLETO,F,30-44,INDAIATUBA,2024-08-06
758,BENEFICIARIO 00758,COMPLETO,M,60+,JAGUARIUNA,2025-02-19
759,BENEFICIARIO 00759,COMPLETO,M,45-59,INDAIATUBA,2019-10-30
760,BENEFICIARIO 00760,HOSPITALAR,F,45-59,JAGUARIUNA,2019-06-14
761,BENEFICIARIO 00761,AMBULATORIAL,F,45-59,JAGUARIUNA,2018-05-14
762,BENEFICIARIO 00762,HOSPITALAR,M,0-17,INDAIATUBA,2019-03-28
763,BENEFICIARIO 00763,AMBULATORIAL,M,60+,SUMARE,2018-06-14
764,BENEFICIARIO 00764,HOSPITALAR,F,30-44,SUMARE,2022-03-14
765,BENEFICIARIO 00765,REFERENCIA,M,45-59,CAMPINAS,2019-08-09
766,BENEFICIARIO 00766,HOSPITALAR,M,0-17,SUMARE,2021-03-07
767,BENEFICIARIO 00767,HOSPITALAR,F,45-59,CAMPINAS,2019-05-17
768,BENEFICIARIO 00768,REFERENCIA,F,0-17,INDAIATUBA,2023-05-25
769,BENEFICIARIO 00769,REFERENCIA,M,30-44,INDAIATUBA,2023-05-01
770,BENEFICIARIO 00770,HOSPITALAR,F,60+,JAGUARIUNA,2023-01-17
771,BENEFICIARIO 00771,COMPLETO,F,30-44,VALINHOS,2025-01-03
772,BENEFICIARIO 00772,COMPLETO,M,18-29,INDAIATUBA,2021-10-20
773,BENEFICIARIO 00773,AMBULATORIAL,M,30-44,VALINHOS,2019-11-10
774,BENEFICIARIO 00774,AMBULATORIAL,M,60+,VALINHOS,2025-03-22
775,BENEFICIARIO 00775,AMBULATORIAL,F,60+,CAMPINAS,2024-05-24
776,BENEFICIARIO 00776,HOSPITALAR,M,60+,CAMPINAS,2019-05-08
777,BENEFICIARIO 00777,HOSPITALAR,F,30-44,PAULINIA,2020-10-01
778,BENEFICIARIO 00778,COMPLETO,F,60+,HORTOLANDIA,2022-07-04
779,BENEFICIARIO 00779,AMBULATORIAL,M,0-17,HORTOLANDIA,2022-11-26
780,BENEFICIARIO 00780,HOSPITALAR,M,0-17,HORTOLANDIA,2022-04-14
781,BENEFICIARIO 00781,REFERENCIA,F,0-17,VALINHOS,2024-01-29
782,BENEFICIARIO 00782,HOSPITALAR,M,18-29,VINHEDO,2020-11-12
783,BENEFICIARIO 00783,AMBULATORIAL,F,30-44,INDAIATUBA,2025-08-11
784,BENEFICIARIO 00784,HOSPITALAR,F,60+,HORTOLANDIA,2020-01-14
785,BENEFICIARIO 00785,AMBULATORIAL,F,30-44,INDAIATUBA,2019-02-09
786,BENEFICIARIO 00786,REFERENCIA,F,45-59,HORTOLANDIA,2020-11-22
787,BENEFICIARIO 00787,COMPLETO,F,0-17,PAULINIA,2020-09-08
788,BENEFICIARIO 00788,HOSPITALAR,M,60+,INDAIATUBA,2019-04-17
789,BENEFICIARIO 00789,REFERENCIA,F,30-44,JAGUARIUNA,2024-03-15
790,BENEFICIARIO 00790,COMPLETO,F,45-59,CAMPINAS,2022-07-28
791,BENEFICIARIO 00791,HOSPITALAR,F,30-44,VALINHOS,2020-10-05
792,BENEFICIARIO 00792,HOSPITALAR,M,60+,INDAIATUBA,2023-01-01
793,BENEFICIARIO 00793,AMBULATORIAL,F,18-29,HORTOLANDIA,2024-01-23
794,BENEFICIARIO 00794,HOSPITALAR,F,60+,INDAIATUBA,2024-03-23
795,BENEFICIARIO 00795,COMPLETO,F,0-17,JAGUARIUNA,2024-12-17
796,BENEFICIARIO 00796,REFERENCIA,F,0-17,CAMPINAS,2023-05-30
797,BENEFICIARIO 00797,REFERENCIA,M,45-59,HORTOLANDIA,2025-02-02
798,BENEFICIARIO 00798,HOSPITALAR,M,0-17,VINHEDO,2023-12-28
799,BENEFICIARIO 00799,AMBULATORIAL,M,0-17,INDAIATUBA,2019-05-19
800,BENEFICIARIO 00800,HOSPITALAR,M,45-59,PAULINIA,2024-11-05
801,BENEFICIARIO 00801,REFERENCIA,M,30-44,JAGUARIUNA,2021-01-23
802,BENEFICIARIO 00802,HOSPITALAR,M,30-44,PAULINIA,2023-02-27
803,BENEFICIARIO 00803,REFERENCIA,F,18-29,CAMPINAS,2024-10-29
804,BENEFICIARIO 00804,COMPLETO,F,0-17,VINHEDO,2022-08-20
805,BENEFICIARIO 00805,COMPLETO,M,60+,VALINHOS,2025-04-12
806,BENEFICIARIO 00806,AMBULATORIAL,F,45-59,VALINHOS,2021-12-16
807,BENEFICIARIO 00807,COMPLETO,M,45-59,VINHEDO,2018-02-04
808,BENEFICIARIO 00808,AMBULATORIAL,M,30-44,PAULINIA,2022-12-26
809,BENEFICIARIO 00809,AMBULATORIAL,F,0-17,SUMARE,2022-01-05
810,BENEFICIARIO 00810,HOSPITALAR,F,60+,SUMARE,2020-06-24
811,BENEFICIARIO 00811,HOSPITALAR,M,30-44,CAMPINAS,2021-02-23
812,BENEFICIARIO 00812,COMPLETO,F,0-17,PAULINIA,2025-02-28
813,BENEFICIARIO 00813,COMPLETO,F,30-44,JAGUARIUNA,2019-11-30
814,BENEFICIARIO 00814,HOSPITALAR,F,0-17,VINHEDO,2018-09-24
815,BENEFICIARIO 00815,HOSPITALAR,M,60+,PAULINIA,2023-11-13
816,BENEFICIARIO 00816,REFERENCIA,F,0-17,SUMARE,2024-04-13
817,BENEFICIARIO 00817,COMPLETO,F,45-59,CAMPINAS,2021-08-16
818,BENEFICIARIO 00818,COMPLETO,M,30-44,VALINHOS,2023-10-24
819,BENEFICIARIO 00819,COMPLETO,M,30-44,CAMPINAS,2020-07-08
820,BENEFICIARIO 00820,AMBULATORIAL,M,45-59,JAGUARIUNA,2021-07-19
821,BENEFICIARIO 00821,AMBULATORIAL,M,18-29,HORTOLANDIA,2018-12-02
822,BENEFICIARIO 00822,AMBULATORIAL,F,45-59,VALINHOS,2020-10-20
823,BENEFICIARIO 00823,HOSPITALAR,F,30-44,SUMARE,2018-09-15
824,BENEFICIARIO 00824,AMBULATORIAL,F,45-59,INDAIATUBA,2018-04-09
825,BENEFICIARIO 00825,REFERENCIA,M,18-29,VALINHOS,2023-04-24
826,BENEFICIARIO 00826,HOSPITALAR,M,0-17,HORTOLANDIA,2023-10-30
827,BENEFICIARIO 00827,HOSPITALAR,F,60+,JAGUARIUNA,2019-01-27
828,BENEFICIARIO 00828,COMPLETO,F,0-17,CAMPINAS,2018-05-17
829,BENEFICIARIO 00829,COMPLETO,M,0-17,VINHEDO,2018-09-11
830,BENEFICIARIO 00830,COMPLETO,F,30-44,INDAIATUBA,2018-09-27
831,BENEFICIARIO 00831,AMBULATORIAL,F,60+,CAMPINAS,2021-04-22
832,BENEFICIARIO 00832,COMPLETO,M,0-17,INDAIATUBA,2020-08-12
833,BENEFICIARIO 00833,AMBULATORIAL,M,45-59,JAGUARIUNA,2022-10-20
834,BENEFICIARIO 00834,AMBULATORIAL,M,0-17,JAGUARIUNA,2023-10-20
835,BENEFICIARIO 00835,REFERENCIA,F,0-17,VALINHOS,2018-02-20
836,BENEFICIARIO 00836,AMBULATORIAL,F,60+,VINHEDO,2025-02-23
837,BENEFICIARIO 00837,REFERENCIA,M,45-59,JAGUARIUNA,2024-12-18
838,BENEFICIARIO 00838,COMPLETO,F,18-29,VINHEDO,2018-06-30
839,BENEFICIARIO 00839,AMBULATORIAL,F,30-44,INDAIATUBA,2023-10-03
840,BENEFICIARIO 00840,REFERENCIA,M,60+,VINHEDO,2019-08-27
841,BENEFICIARIO 00841,COMPLETO,M,60+,HORTOLANDIA,2021-04-07
842,BENEFICIARIO 00842,REFERENCIA,F,60+,VINHEDO,2018-08-23
843,BENEFICIARIO 00843,HOSPITALAR,F,45-59,HORTOLANDIA,2020-03-11
844,BENEFICIARIO 00844,HOSPITALAR,F,0-17,HORTOLANDIA,2020-02-15
845,BENEFICIARIO 00845,COMPLETO,M,60+,HORTOLANDIA,2024-06-27
846,BENEFICIARIO 00846,REFERENCIA,M,45-59,HORTOLANDIA,2019-10-27
847,BENEFICIARIO 00847,AMBULATORIAL,M,0-17,JAGUARIUNA,2020-06-17
848,BENEFICIARIO 00848,AMBULATORIAL,F,18-29,JAGUARIUNA,2024-12-30
849,BENEFICIARIO 00849,HOSPITALAR,F,45-59,HORTOLANDIA,2022-03-20
850,BENEFICIARIO 00850,HOSPITALAR,M,18-29,CAMPINAS,2022-01-26
851,BENEFICIARIO 00851,AMBULATORIAL,F,30-44,CAMPINAS,2024-03-22
852,BENEFICIARIO 00852,AMBULATORIAL,F,30-44,JAGUARIUNA,2020-03-07
853,BENEFICIARIO 00853,REFERENCIA,F,0-17,PAULINIA,2020-03-21
854,BENEFICIARIO 00854,REFERENCIA,F,18-29,SUMARE,2019-12-15
855,BENEFICIARIO 00855,REFERENCIA,F,18-29,PAULINIA,2018-03-30
856,BENEFICIARIO 00856,HOSPITALAR,M,0-17,CAMPINAS,2025-08-06
857,BENEFICIARIO 00857,HOSPITALAR,M,0-17,HORTOLANDIA,2020-05-11
858,BENEFICIARIO 00858,REFERENCIA,M,18-29,HORTOLANDIA,2022-03-06
859,BENEFICIARIO 00859,HOSPITALAR,M,0-17,VALINHOS,2019-08-15
860,BENEFICIARIO 00860,HOSPITALAR,F,18-29,INDAIATUBA,2022-03-13
861,BENEFICIARIO 00861,REFERENCIA,M,18-29,CAMPINAS,2024-11-28
862,BENEFICIARIO 00862,HOSPITALAR,M,18-29,HORTOLANDIA,2020-10-09
863,BENEFICIARIO 00863,AMBULATORIAL,M,18-29,JAGUARIUNA,2020-05-07
864,BENEFICIARIO 00864,AMBULATORIAL,M,60+,VALINHOS,2019-11-17
865,BENEFICIARIO 00865,COMPLETO,M,45-59,JAGUARIUNA,2020-01-04
866,BENEFICIARIO 00866,REFERENCIA,M,60+,JAGUARIUNA,2023-07-20
867,BENEFICIARIO 00867,COMPLETO,M,60+,INDAIATUBA,2025-02-26
868,BENEFICIARIO 00868,AMBULATORIAL,F,18-29,PAULINIA,2023-01-26
869,BENEFICIARIO 00869,HOSPITALAR,M,18-29,SUMARE,2022-10-07
870,BENEFICIARIO 00870,COMPLETO,F,30-44,SUMARE,2024-03-05
871,BENEFICIARIO 00871,AMBULATORIAL,F,0-17,SUMARE,2022-12-26
872,BENEFICIARIO 00872,REFERENCIA,F,60+,CAMPINAS,2023-03-21
873,BENEFICIARIO 00873,REFERENCIA,M,45-59,JAGUARIUNA,2022-11-07
874,BENEFICIARIO 00874,COMPLETO,M,45-59,HORTOLANDIA,2021-01-23
875,BENEFICIARIO 00875,COMPLETO,F,18-29,JAGUARIUNA,2020-08-15
876,BENEFICIARIO 00876,REFERENCIA,F,30-44,VALINHOS,2021-04-21
877,BENEFICIARIO 00877,AMBULATORIAL,M,18-29,VALINHOS,2019-05-01
878,BENEFICIARIO 00878,AMBULATORIAL,M,0-17,PAULINIA,2021-09-29
879,BENEFICIARIO 00879,HOSPITALAR,M,30-44,SUMARE,2021-01-29
880,BENEFICIARIO 00880,HOSPITALAR,F,60+,SUMARE,2018-02-04
881,BENEFICIARIO 00881,REFERENCIA,M,30-44,INDAIATUBA,2022-07-20
882,BENEFICIARIO 00882,AMBULATORIAL,M,60+,VINHEDO,2022-06-17
883,BENEFICIARIO 00883,HOSPITALAR,F,18-29,JAGUARIUNA,2020-08-15
884,BENEFICIARIO 00884,COMPLETO,M,30-44,VALINHOS,2021-07-06
885,BENEFICIARIO 00885,HOSPITALAR,M,45-59,PAULINIA,2022-12-02
886,BENEFICIARIO 00886,COMPLETO,F,30-44,VINHEDO,2024-06-23
887,BENEFICIARIO 00887,HOSPITALAR,M,0-17,JAGUARIUNA,2025-05-22
888,BENEFICIARIO 00888,REFERENCIA,M,18-29,INDAIATUBA,2022-10-10
889,BENEFICIARIO 00889,COMPLETO,M,30-44,CAMPINAS,2024-05-13
890,BENEFICIARIO 00890,AMBULATORIAL,F,18-29,HORTOLANDIA,2024-05-16
891,BENEFICIARIO 00891,COMPLETO,M,18-29,INDAIATUBA,2018-09-18
892,BENEFICIARIO 00892,COMPLETO,F,45-59,VALINHOS,2021-09-08
893,BENEFICIARIO 00893,COMPLETO,M,0-17,VINHEDO,2019-03-04
894,BENEFICIARIO 00894,HOSPITALAR,F,60+,JAGUARIUNA,2018-04-20
895,BENEFICIARIO 00895,HOSPITALAR,F,0-17,INDAIATUBA,2021-03-08
896,BENEFICIARIO 00896,HOSPITALAR,F,30-44,VALINHOS,2023-02-06
897,BENEFICIARIO 00897,AMBULATORIAL,M,60+,CAMPINAS,2019-12-05
898,BENEFICIARIO 00898,REFERENCIA,M,45-59,VINHEDO,2019-03-30
899,BENEFICIARIO 00899,HOSPITALAR,M,45-59,VALINHOS,2022-05-13
900,BENEFICIARIO 00900,HOSPITALAR,F,18-29,SUMARE,2022-11-06
901,BENEFICIARIO 00901,COMPLETO,F,60+,SUMARE,2024-08-03
902,BENEFICIARIO 00902,HOSPITALAR,M,30-44,PAULINIA,2018-01-31
903,BENEFICIARIO 00903,HOSPITALAR,M,0-17,INDAIATUBA,2024-10-13
904,BENEFICIARIO 00904,HOSPITALAR,M,60+,JAGUARIUNA,2023-02-28
905,BENEFICIARIO 00905,COMPLETO,F,0-17,SUMARE,2025-04-01
906,BENEFICIARIO 00906,COMPLETO,M,30-44,INDAIATUBA,2024-11-15
907,BENEFICIARIO 00907,HOSPITALAR,M,18-29,VINHEDO,2024-12-05
908,BENEFICIARIO 00908,COMPLETO,M,45-59,VINHEDO,2024-05-18
909,BENEFICIARIO 00909,AMBULATORIAL,M,0-17,PAULINIA,2019-10-09
910,BENEFICIARIO 00910,REFERENCIA,M,0-17,PAULINIA,2023-07-15
911,BENEFICIARIO 00911,COMPLETO,F,30-44,VALINHOS,2019-03-07
912,BENEFICIARIO 00912,REFERENCIA,M,45-59,VINHEDO,2020-11-01
913,BENEFICIARIO 00913,HOSPITALAR,F,45-59,CAMPINAS,2018-10-27
914,BENEFICIARIO 00914,COMPLETO,M,30-44,INDAIATUBA,2020-03-07
915,BENEFICIARIO 00915,COMPLETO,F,0-17,SUMARE,2019-04-15
916,BENEFICIARIO 00916,HOSPITALAR,M,45-59,JAGUARIUNA,2023-03-05
917,BENEFICIARIO 00917,AMBULATORIAL,F,60+,PAULINIA,2022-11-28
918,BENEFICIARIO 00918,HOSPITALAR,M,30-44,VINHEDO,2019-11-30
919,BENEFICIARIO 00919,AMBULATORIAL,F,18-29,SUMARE,2019-05-24
920,BENEFICIARIO 00920,COMPLETO,F,0-17,CAMPINAS,2025-08-06
921,BENEFICIARIO 00921,REFERENCIA,F,45-59,HORTOLANDIA,2019-12-30
922,BENEFICIARIO 00922,HOSPITALAR,F,60+,PAULINIA,2022-12-16
923,BENEFICIARIO 00923,AMBULATORIAL,F,45-59,SUMARE,2022-12-24
924,BENEFICIARIO 00924,AMBULATORIAL,F,0-17,INDAIATUBA,2020-04-06
925,BENEFICIARIO 00925,HOSPITALAR,M,18-29,PAULINIA,2019-01-10
926,BENEFICIARIO 00926,AMBULATORIAL,M,0-17,CAMPINAS,2021-10-12
927,BENEFICIARIO 00927,HOSPITALAR,F,18-29,VALINHOS,2025-06-13
928,BENEFICIARIO 00928,HOSPITALAR,F,0-17,INDAIATUBA,2023-10-01
929,BENEFICIARIO 00929,AMBULATORIAL,M,30-44,PAULINIA,2025-01-02
930,BENEFICIARIO 00930,HOSPITALAR,M,45-59,VALINHOS,2020-08-09
931,BENEFICIARIO 00931,HOSPITALAR,F,30-44,HORTOLANDIA,2019-12-13
932,BENEFICIARIO 00932,AMBULATORIAL,M,30-44,CAMPINAS,2022-05-14
933,BENEFICIARIO 00933,HOSPITALAR,M,18-29,VALINHOS,2025-05-19
934,BENEFICIARIO 00934,REFERENCIA,M,0-17,VALINHOS,2020-06-14
935,BENEFICIARIO 00935,COMPLETO,M,60+,JAGUARIUNA,2019-02-22
936,BENEFICIARIO 00936,HOSPITALAR,M,0-17,HORTOLANDIA,2025-01-28
937,BENEFICIARIO 00937,COMPLETO,F,30-44,VINHEDO,2025-02-15
938,BENEFICIARIO 00938,REFERENCIA,M,0-17,HORTOLANDIA,2018-03-14
939,BENEFICIARIO 00939,COMPLETO,M,60+,PAULINIA,2023-08-25
940,BENEFICIARIO 00940,AMBULATORIAL,F,0-17,VALINHOS,2021-06-19
941,BENEFICIARIO 00941,HOSPITALAR,M,18-29,VALINHOS,2018-09-03
942,BENEFICIARIO 00942,HOSPITALAR,M,45-59,SUMARE,2020-04-07
943,BENEFICIARIO 00943,HOSPITALAR,M,18-29,CAMPINAS,2020-09-02
944,BENEFICIARIO 00944,COMPLETO,M,18-29,SUMARE,2021-07-24
945,BENEFICIARIO 00945,AMBULATORIAL,M,30-44,CAMPINAS,2020-07-27
946,BENEFICIARIO 00946,REFERENCIA,M,18-29,PAULINIA,2024-01-19
947,BENEFICIARIO 00947,AMBULATORIAL,F,18-29,INDAIATUBA,2023-11-06
948,BENEFICIARIO 00948,REFERENCIA,F,45-59,CAMPINAS,2018-09-22
949,BENEFICIARIO 00949,COMPLETO,F,18-29,CAMPINAS,2025-02-11
950,BENEFICIARIO 00950,HOSPITALAR,F,18-29,VALINHOS,2019-12-13
951,BENEFICIARIO 00951,HOSPITALAR,F,60+,VALINHOS,2022-10-12
952,BENEFICIARIO 00952,COMPLETO,M,18-29,PAULINIA,2020-09-30
953,BENEFICIARIO 00953,COMPLETO,F,60+,PAULINIA,2021-05-26
954,BENEFICIARIO 00954,REFERENCIA,M,18-29,SUMARE,2023-05-25
955,BENEFICIARIO 00955,AMBULATORIAL,M,45-59,INDAIATUBA,2019-11-19
956,BENEFICIARIO 00956,COMPLETO,M,45-59,INDAIATUBA,2019-10-01
957,BENEFICIARIO 00957,COMPLETO,F,45-59,INDAIATUBA,2018-12-07
958,BENEFICIARIO 00958,REFERENCIA,F,60+,VINHEDO,2020-11-19
959,BENEFICIARIO 00959,COMPLETO,M,30-44,JAGUARIUNA,2021-03-06
960,BENEFICIARIO 00960,COMPLETO,M,0-17,HORTOLANDIA,2019-07-14
961,BENEFICIARIO 00961,COMPLETO,F,18-29,PAULINIA,2018-01-18
962,BENEFICIARIO 00962,AMBULATORIAL,M,45-59,INDAIATUBA,2022-08-31
963,BENEFICIARIO 00963,COMPLETO,M,45-59,JAGUARIUNA,2021-06-14
964,BENEFICIARIO 00964,AMBULATORIAL,M,0-17,VALINHOS,2022-04-26
965,BENEFICIARIO 00965,HOSPITALAR,F,45-59,SUMARE,2021-11-28
966,BENEFICIARIO 00966,COMPLETO,M,0-17,INDAIATUBA,2022-10-03
967,BENEFICIARIO 00967,HOSPITALAR,F,45-59,CAMPINAS,2022-01-20
968,BENEFICIARIO 00968,AMBULATORIAL,F,30-44,JAGUARIUNA,2019-08-27
969,BENEFICIARIO 00969,REFERENCIA,F,60+,VINHEDO,2018-02-20
970,BENEFICIARIO 00970,AMBULATORIAL,F,45-59,INDAIATUBA,2024-07-28
971,BENEFICIARIO 00971,AMBULATORIAL,F,45-59,VINHEDO,2022-10-15
972,BENEFICIARIO 00972,REFERENCIA,M,60+,INDAIATUBA,2024-07-28
973,BENEFICIARIO 00973,REFERENCIA,M,0-17,VALINHOS,2025-02-18
974,BENEFICIARIO 00974,REFERENCIA,F,30-44,PAULINIA,2022-06-19
975,BENEFICIARIO 00975,REFERENCIA,F,18-29,JAGUARIUNA,2018-01-07
976,BENEFICIARIO 00976,AMBULATORIAL,F,45-59,INDAIATUBA,2025-05-04
977,BENEFICIARIO 00977,REFERENCIA,M,18-29,VINHEDO,2022-03-15
978,BENEFICIARIO 00978,HOSPITALAR,F,18-29,JAGUARIUNA,2020-01-16
979,BENEFICIARIO 00979,AMBULATORIAL,M,60+,PAULINIA,2020-01-31
980,BENEFICIARIO 00980,HOSPITALAR,F,18-29,PAULINIA,2020-11-28
981,BENEFICIARIO 00981,COMPLETO,M,60+,VALINHOS,2025-02-19
982,BENEFICIARIO 00982,HOSPITALAR,F,30-44,VALINHOS,2022-03-28
983,BENEFICIARIO 00983,AMBULATORIAL,M,0-17,HORTOLANDIA,2018-05-02
984,BENEFICIARIO 00984,HOSPITALAR,M,45-59,VALINHOS,2018-02-08
985,BENEFICIARIO 00985,AMBULATORIAL,M,0-17,CAMPINAS,2019-02-01
986,BENEFICIARIO 00986,HOSPITALAR,F,45-59,SUMARE,2023-06-14
987,BENEFICIARIO 00987,COMPLETO,M,60+,INDAIATUBA,2021-10-10
988,BENEFICIARIO 00988,REFERENCIA,M,30-44,PAULINIA,2022-01-19
989,BENEFICIARIO 00989,COMPLETO,M,60+,CAMPINAS,2021-12-29
990,BENEFICIARIO 00990,REFERENCIA,F,0-17,JAGUARIUNA,2022-07-04
991,BENEFICIARIO 00991,HOSPITALAR,F,60+,VALINHOS,2023-12-14
992,BENEFICIARIO 00992,REFERENCIA,F,30-44,JAGUARIUNA,2024-12-07
993,BENEFICIARIO 00993,COMPLETO,M,18-29,CAMPINAS,2025-02-26
994,BENEFICIARIO 00994,REFERENCIA,F,30-44,CAMPINAS,2021-08-26
995,BENEFICIARIO 00995,COMPLETO,F,60+,JAGUARIUNA,2022-06-28
996,BENEFICIARIO 00996,AMBULATORIAL,M,45-59,JAGUARIUNA,2025-05-20
997,BENEFICIARIO 00997,AMBULATORIAL,M,30-44,PAULINIA,2019-08-10
998,BENEFICIARIO 00998,AMBULATORIAL,F,45-59,VALINHOS,2021-05-19
999,BENEFICIARIO 00999,COMPLETO,F,45-59,VALINHOS,2023-05-29
1000,BENEFICIARIO 01000,HOSPITALAR,F,18-29,VINHEDO,2025-05-26
1001,BENEFICIARIO 01001,AMBULATORIAL,F,45-59,CAMPINAS,2019-10-19
1002,BENEFICIARIO 01002,REFERENCIA,M,30-44,PAULINIA,2020-11-21
1003,BENEFICIARIO 01003,COMPLETO,F,18-29,JAGUARIUNA,2019-01-06
1004,BENEFICIARIO 01004,REFERENCIA,F,60+,VALINHOS,2025-03-22
1005,BENEFICIARIO 01005,REFERENCIA,M,45-59,INDAIATUBA,2020-08-13
1006,BENEFICIARIO 01006,HOSPITALAR,M,0-17,SUMARE,2018-12-26
1007,BENEFICIARIO 01007,AMBULATORIAL,F,30-44,PAULINIA,2019-04-21
1008,BENEFICIARIO 01008,REFERENCIA,F,30-44,INDAIATUBA,2024-06-21
1009,BENEFICIARIO 01009,AMBULATORIAL,M,0-17,PAULINIA,2022-05-09
1010,BENEFICIARIO 01010,COMPLETO,M,30-44,VINHEDO,2023-10-30
1011,BENEFICIARIO 01011,HOSPITALAR,F,45-59,CAMPINAS,2024-01-14
1012,BENEFICIARIO 01012,COMPLETO,M,18-29,SUMARE,2020-06-15
1013,BENEFICIARIO 01013,COMPLETO,M,18-29,SUMARE,2019-08-21
1014,BENEFICIARIO 01014,AMBULATORIAL,M,30-44,VALINHOS,2021-01-25
1015,BENEFICIARIO 01015,COMPLETO,F,45-59,SUMARE,2022-03-23
1016,BENEFICIARIO 01016,AMBULATORIAL,M,18-29,PAULINIA,2020-07-10
1017,BENEFICIARIO 01017,AMBULATORIAL,F,45-59,INDAIATUBA,2021-05-10
1018,BENEFICIARIO 01018,HOSPITALAR,F,60+,INDAIATUBA,2021-10-14
1019,BENEFICIARIO 01019,COMPLETO,M,30-44,INDAIATUBA,2022-05-21
1020,BENEFICIARIO 01020,AMBULATORIAL,M,30-44,PAULINIA,2024-02-23
1021,BENEFICIARIO 01021,COMPLETO,F,18-29,HORTOLANDIA,2024-07-05
1022,BENEFICIARIO 01022,AMBULATORIAL,M,45-59,VINHEDO,2024-06-22
1023,BENEFICIARIO 01023,HOSPITALAR,M,45-59,SUMARE,2019-08-17
1024,BENEFICIARIO 01024,HOSPITALAR,F,18-29,CAMPINAS,2022-01-23
1025,BENEFICIARIO 01025,AMBULATORIAL,F,45-59,INDAIATUBA,2019-11-21
1026,BENEFICIARIO 01026,AMBULATORIAL,F,30-44,JAGUARIUNA,2020-01-06
1027,BENEFICIARIO 01027,AMBULATORIAL,F,60+,HORTOLANDIA,2024-08-27
1028,BENEFICIARIO 01028,COMPLETO,F,45-59,PAULINIA,2018-05-20
1029,BENEFICIARIO 01029,AMBULATORIAL,F,45-59,JAGUARIUNA,2021-05-24
1030,BENEFICIARIO 01030,HOSPITALAR,M,0-17,JAGUARIUNA,2025-04-17
1031,BENEFICIARIO 01031,COMPLETO,M,45-59,HORTOLANDIA,2018-02-17
1032,BENEFICIARIO 01032,AMBULATORIAL,F,0-17,VALINHOS,2023-06-27
1033,BENEFICIARIO 01033,HOSPITALAR,F,60+,JAGUARIUNA,2021-01-26
1034,BENEFICIARIO 01034,AMBULATORIAL,F,45-59,JAGUARIUNA,2025-03-25
1035,BENEFICIARIO 01035,COMPLETO,M,60+,VINHEDO,2019-02-12
1036,BENEFICIARIO 01036,REFERENCIA,F,60+,VINHEDO,2022-07-19
1037,BENEFICIARIO 01037,AMBULATORIAL,M,60+,JAGUARIUNA,2018-09-19
1038,BENEFICIARIO 01038,AMBULATORIAL,F,0-17,VINHEDO,2024-09-19
1039,BENEFICIARIO 01039,HOSPITALAR,F,60+,JAGUARIUNA,2021-07-11
1040,BENEFICIARIO 01040,AMBULATORIAL,F,18-29,PAULINIA,2025-04-27
1041,BENEFICIARIO 01041,HOSPITALAR,F,60+,SUMARE,2018-05-24
1042,BENEFICIARIO 01042,AMBULATORIAL,F,60+,SUMARE,2022-01-29
1043,BENEFICIARIO 01043,HOSPITALAR,M,0-17,PAULINIA,2021-05-16
1044,BENEFICIARIO 01044,AMBULATORIAL,M,60+,JAGUARIUNA,2019-07-27
1045,BENEFICIARIO 01045,COMPLETO,M,60+,HORTOLANDIA,2024-10-18
1046,BENEFICIARIO 01046,HOSPITALAR,F,0-17,PAULINIA,2018-05-31
1047,BENEFICIARIO 01047,HOSPITALAR,F,30-44,PAULINIA,2019-07-04
1048,BENEFICIARIO 01048,HOSPITALAR,M,30-44,VINHEDO,2024-12-23
1049,BENEFICIARIO 01049,COMPLETO,F,60+,SUMARE,2020-12-03
1050,BENEFICIARIO 01050,COMPLETO,F,45-59,JAGUARIUNA,2018-12-08
1051,BENEFICIARIO 01051,REFERENCIA,M,18-29,PAULINIA,2018-10-17
1052,BENEFICIARIO 01052,REFERENCIA,F,30-44,VINHEDO,2022-09-16
1053,BENEFICIARIO 01053,HOSPITALAR,M,45-59,INDAIATUBA,2018-04-17
1054,BENEFICIARIO 01054,HOSPITALAR,F,30-44,VALINHOS,2023-12-17
1055,BENEFICIARIO 01055,AMBULATORIAL,M,0-17,HORTOLANDIA,2025-03-07
1056,BENEFICIARIO 01056,AMBULATORIAL,M,30-44,SUMARE,2019-08-23
1057,BENEFICIARIO 01057,HOSPITALAR,M,0-17,VALINHOS,2022-03-25
1058,BENEFICIARIO 01058,HOSPITALAR,M,0-17,VALINHOS,2019-12-21
1059,BENEFICIARIO 01059,REFERENCIA,M,0-17,HORTOLANDIA,2024-06-01
1060,BENEFICIARIO 01060,REFERENCIA,M,60+,VALINHOS,2018-07-16
1061,BENEFICIARIO 01061,HOSPITALAR,M,45-59,VINHEDO,2021-11-14
1062,BENEFICIARIO 01062,COMPLETO,M,60+,VINHEDO,2020-11-27
1063,BENEFICIARIO 01063,AMBULATORIAL,F,18-29,VINHEDO,2022-04-01
1064,BENEFICIARIO 01064,REFERENCIA,F,30-44,PAULINIA,2025-08-09
1065,BENEFICIARIO 01065,COMPLETO,M,18-29,JAGUARIUNA,2021-12-20
1066,BENEFICIARIO 01066,COMPLETO,M,30-44,INDAIATUBA,2023-11-03
1067,BENEFICIARIO 01067,HOSPITALAR,M,0-17,SUMARE,2022-07-24
1068,BENEFICIARIO 01068,REFERENCIA,F,0-17,VALINHOS,2020-09-10
1069,BENEFICIARIO 01069,AMBULATORIAL,F,60+,CAMPINAS,2018-12-13
1070,BENEFICIARIO 01070,REFERENCIA,M,0-17,INDAIATUBA,2025-08-05
1071,BENEFICIARIO 01071,HOSPITALAR,M,45-59,VALINHOS,2022-07-19
1072,BENEFICIARIO 01072,AMBULATORIAL,F,0-17,INDAIATUBA,2023-12-29
1073,BENEFICIARIO 01073,REFERENCIA,F,60+,CAMPINAS,2024-10-23
1074,BENEFICIARIO 01074,COMPLETO,F,60+,PAULINIA,2019-12-18
1075,BENEFICIARIO 01075,AMBULATORIAL,M,18-29,HORTOLANDIA,2018-07-28
1076,BENEFICIARIO 01076,COMPLETO,M,45-59,VINHEDO,2022-03-09
1077,BENEFICIARIO 01077,AMBULATORIAL,M,18-29,VALINHOS,2021-04-03
1078,BENEFICIARIO 01078,REFERENCIA,M,30-44,SUMARE,2020-05-22
1079,BENEFICIARIO 01079,AMBULATORIAL,M,18-29,SUMARE,2025-03-18
1080,BENEFICIARIO 01080,AMBULATORIAL,M,60+,JAGUARIUNA,2018-08-24
1081,BENEFICIARIO 01081,REFERENCIA,F,60+,JAGUARIUNA,2021-09-07
1082,BENEFICIARIO 01082,REFERENCIA,M,0-17,CAMPINAS,2021-12-03
1083,BENEFICIARIO 01083,HOSPITALAR,M,30-44,CAMPINAS,2019-02-20
1084,BENEFICIARIO 01084,COMPLETO,M,18-29,VALINHOS,2023-12-08
1085,BENEFICIARIO 01085,HOSPITALAR,M,0-17,JAGUARIUNA,2018-01-29
1086,BENEFICIARIO 01086,HOSPITALAR,M,18-29,JAGUARIUNA,2022-06-08
1087,BENEFICIARIO 01087,REFERENCIA,M,30-44,INDAIATUBA,2020-01-17
1088,BENEFICIARIO 01088,REFERENCIA,F,45-59,JAGUARIUNA,2019-10-25
1089,BENEFICIARIO 01089,HOSPITALAR,M,45-59,CAMPINAS,2022-01-11
1090,BENEFICIARIO 01090,HOSPITALAR,F,18-29,SUMARE,2018-06-14
1091,BENEFICIARIO 01091,HOSPITALAR,M,45-59,HORTOLANDIA,2018-05-10
1092,BENEFICIARIO 01092,HOSPITALAR,F,45-59,SUMARE,2019-05-02
1093,BENEFICIARIO 01093,COMPLETO,M,60+,JAGUARIUNA,2019-06-06
1094,BENEFICIARIO 01094,REFERENCIA,M,60+,INDAIATUBA,2019-06-23
1095,BENEFICIARIO 01095,AMBULATORIAL,F,0-17,VINHEDO,2019-09-30
1096,BENEFICIARIO 01096,REFERENCIA,F,18-29,CAMPINAS,2025-08-10
1097,BENEFICIARIO 01097,REFERENCIA,M,60+,CAMPINAS,2022-11-15
1098,BENEFICIARIO 01098,COMPLETO,M,30-44,JAGUARIUNA,2018-12-05
1099,BENEFICIARIO 01099,COMPLETO,F,60+,VINHEDO,2023-09-26
1100,BENEFICIARIO 01100,HOSPITALAR,F,30-44,VALINHOS,2020-12-15
1101,BENEFICIARIO 01101,HOSPITALAR,M,18-29,JAGUARIUNA,2019-02-27
1102,BENEFICIARIO 01102,HOSPITALAR,F,60+,VINHEDO,2020-07-28
1103,BENEFICIARIO 01103,AMBULATORIAL,F,45-59,CAMPINAS,2021-01-26
1104,BENEFICIARIO 01104,HOSPITALAR,F,45-59,CAMPINAS,2024-11-30
1105,BENEFICIARIO 01105,HOSPITALAR,F,0-17,INDAIATUBA,2022-07-27
1106,BENEFICIARIO 01106,REFERENCIA,F,18-29,HORTOLANDIA,2022-10-12
1107,BENEFICIARIO 01107,COMPLETO,F,60+,INDAIATUBA,2025-03-22
1108,BENEFICIARIO 01108,AMBULATORIAL,M,0-17,SUMARE,2022-01-29
1109,BENEFICIARIO 01109,REFERENCIA,M,45-59,PAULINIA,2021-08-03
1110,BENEFICIARIO 01110,AMBULATORIAL,F,0-17,CAMPINAS,2018-08-02
1111,BENEFICIARIO 01111,REFERENCIA,F,30-44,JAGUARIUNA,2021-02-21
1112,BENEFICIARIO 01112,AMBULATORIAL,M,18-29,SUMARE,2023-07-06
1113,BENEFICIARIO 01113,REFERENCIA,M,30-44,VALINHOS,2019-02-01
1114,BENEFICIARIO 01114,AMBULATORIAL,F,30-44,HORTOLANDIA,2022-01-20
1115,BENEFICIARIO 01115,REFERENCIA,F,30-44,PAULINIA,2024-07-21
1116,BENEFICIARIO 01116,COMPLETO,F,0-17,VINHEDO,2025-01-22
1117,BENEFICIARIO 01117,AMBULATORIAL,F,60+,PAULINIA,2020-03-01
1118,BENEFICIARIO 01118,COMPLETO,F,0-17,HORTOLANDIA,2021-05-19
1119,BENEFICIARIO 01119,COMPLETO,F,60+,VINHEDO,2018-06-29
1120,BENEFICIARIO 01120,HOSPITALAR,F,45-59,SUMARE,2024-04-14
1121,BENEFICIARIO 01121,REFERENCIA,M,45-59,VALINHOS,2022-11-22
1122,BENEFICIARIO 01122,AMBULATORIAL,M,45-59,CAMPINAS,2019-11-15
1123,BENEFICIARIO 01123,REFERENCIA,F,30-44,CAMPINAS,2024-05-08
1124,BENEFICIARIO 01124,AMBULATORIAL,F,45-59,JAGUARIUNA,2023-12-21
1125,BENEFICIARIO 01125,AMBULATORIAL,F,45-59,INDAIATUBA,2024-04-22
1126,BENEFICIARIO 01126,COMPLETO,M,60+,SUMARE,2020-04-27
1127,BENEFICIARIO 01127,HOSPITALAR,F,18-29,PAULINIA,2024-08-22
1128,BENEFICIARIO 01128,AMBULATORIAL,M,60+,SUMARE,2021-05-27
1129,BENEFICIARIO 01129,HOSPITALAR,M,30-44,VALINHOS,2019-12-02
1130,BENEFICIARIO 01130,HOSPITALAR,F,60+,PAULINIA,2021-04-10
1131,BENEFICIARIO 01131,AMBULATORIAL,F,30-44,VINHEDO,2021-01-12
1132,BENEFICIARIO 01132,AMBULATORIAL,F,18-29,VALINHOS,2018-01-06
1133,BENEFICIARIO 01133,REFERENCIA,M,30-44,VALINHOS,2024-02-28
1134,BENEFICIARIO 01134,REFERENCIA,F,45-59,SUMARE,2021-08-22
1135,BENEFICIARIO 01135,AMBULATORIAL,F,30-44,PAULINIA,2021-02-19
1136,BENEFICIARIO 01136,HOSPITALAR,M,0-17,VALINHOS,2022-04-14
1137,BENEFICIARIO 01137,REFERENCIA,F,45-59,PAULINIA,2021-08-21
1138,BENEFICIARIO 01138,REFERENCIA,F,60+,INDAIATUBA,2019-09-30
1139,BENEFICIARIO 01139,COMPLETO,F,45-59,HORTOLANDIA,2019-08-31
1140,BENEFICIARIO 01140,COMPLETO,F,45-59,VINHEDO,2023-02-25
1141,BENEFICIARIO 01141,HOSPITALAR,F,18-29,JAGUARIUNA,2020-01-09
1142,BENEFICIARIO 01142,REFERENCIA,F,30-44,VINHEDO,2019-12-29
1143,BENEFICIARIO 01143,COMPLETO,F,0-17,VINHEDO,2018-10-23
1144,BENEFICIARIO 01144,COMPLETO,F,45-59,INDAIATUBA,2019-02-15
1145,BENEFICIARIO 01145,HOSPITALAR,F,60+,VALINHOS,2022-03-28
1146,BENEFICIARIO 01146,COMPLETO,F,0-17,CAMPINAS,2025-03-24
1147,BENEFICIARIO 01147,AMBULATORIAL,F,18-29,VALINHOS,2021-01-01
1148,BENEFICIARIO 01148,HOSPITALAR,F,0-17,VALINHOS,2024-01-31
1149,BENEFICIARIO 01149,REFERENCIA,F,18-29,VINHEDO,2023-05-22
1150,BENEFICIARIO 01150,COMPLETO,F,30-44,HORTOLANDIA,2023-05-16
1151,BENEFICIARIO 01151,HOSPITALAR,F,0-17,SUMARE,2025-01-14
1152,BENEFICIARIO 01152,AMBULATORIAL,F,0-17,VALINHOS,2024-02-09
1153,BENEFICIARIO 01153,REFERENCIA,F,60+,INDAIATUBA,2019-08-04
1154,BENEFICIARIO 01154,AMBULATORIAL,F,0-17,PAULINIA,2022-10-16
1155,BENEFICIARIO 01155,COMPLETO,F,30-44,SUMARE,2020-07-14
1156,BENEFICIARIO 01156,COMPLETO,F,45-59,VINHEDO,2019-03-28
1157,BENEFICIARIO 01157,HOSPITALAR,F,30-44,HORTOLANDIA,2018-11-09
1158,BENEFICIARIO 01158,REFERENCIA,F,30-44,VALINHOS,2018-06-27
1159,BENEFICIARIO 01159,HOSPITALAR,F,45-59,HORTOLANDIA,2024-09-22
1160,BENEFICIARIO 01160,HOSPITALAR,M,18-29,SUMARE,2025-01-03
1161,BENEFICIARIO 01161,REFERENCIA,M,0-17,SUMARE,2023-08-07
1162,BENEFICIARIO 01162,REFERENCIA,M,0-17,CAMPINAS,2019-09-01
1163,BENEFICIARIO 01163,HOSPITALAR,M,18-29,INDAIATUBA,2023-01-04
1164,BENEFICIARIO 01164,COMPLETO,F,0-17,INDAIATUBA,2021-02-14
1165,BENEFICIARIO 01165,HOSPITALAR,F,30-44,VINHEDO,2020-01-15
1166,BENEFICIARIO 01166,COMPLETO,M,30-44,JAGUARIUNA,2022-10-03
1167,BENEFICIARIO 01167,COMPLETO,M,60+,HORTOLANDIA,2019-07-21
1168,BENEFICIARIO 01168,HOSPITALAR,M,45-59,JAGUARIUNA,2024-01-16
1169,BENEFICIARIO 01169,COMPLETO,F,45-59,VALINHOS,2024-07-07
1170,BENEFICIARIO 01170,COMPLETO,F,0-17,PAULINIA,2022-01-21
1171,BENEFICIARIO 01171,AMBULATORIAL,F,0-17,HORTOLANDIA,2024-04-06
1172,BENEFICIARIO 01172,COMPLETO,F,0-17,CAMPINAS,2021-12-01
1173,BENEFICIARIO 01173,REFERENCIA,F,30-44,JAGUARIUNA,2019-08-14
1174,BENEFICIARIO 01174,COMPLETO,F,18-29,PAULINIA,2018-08-17
1175,BENEFICIARIO 01175,HOSPITALAR,F,18-29,INDAIATUBA,2018-04-18
1176,BENEFICIARIO 01176,COMPLETO,M,0-17,VALINHOS,2025-06-07
1177,BENEFICIARIO 01177,AMBULATORIAL,M,60+,VINHEDO,2018-05-04
1178,BENEFICIARIO 01178,HOSPITALAR,M,18-29,VALINHOS,2020-09-30
1179,BENEFICIARIO 01179,AMBULATORIAL,F,60+,INDAIATUBA,2019-09-06
1180,BENEFICIARIO 01180,HOSPITALAR,M,18-29,SUMARE,2023-04-10
1181,BENEFICIARIO 01181,COMPLETO,M,45-59,CAMPINAS,2021-03-20
1182,BENEFICIARIO 01182,AMBULATORIAL,F,0-17,CAMPINAS,2024-10-10
1183,BENEFICIARIO 01183,HOSPITALAR,F,0-17,INDAIATUBA,2022-10-02
1184,BENEFICIARIO 01184,COMPLETO,M,60+,SUMARE,2020-07-20
1185,BENEFICIARIO 01185,COMPLETO,F,30-44,VALINHOS,2023-11-07
1186,BENEFICIARIO 01186,COMPLETO,F,18-29,INDAIATUBA,2024-12-10
1187,BENEFICIARIO 01187,AMBULATORIAL,F,45-59,VINHEDO,2024-04-09
1188,BENEFICIARIO 01188,AMBULATORIAL,M,45-59,HORTOLANDIA,2025-04-27
1189,BENEFICIARIO 01189,COMPLETO,M,18-29,CAMPINAS,2022-03-02
1190,BENEFICIARIO 01190,COMPLETO,F,30-44,VALINHOS,2019-03-04
1191,BENEFICIARIO 01191,AMBULATORIAL,M,60+,HORTOLANDIA,2018-04-25
1192,BENEFICIARIO 01192,HOSPITALAR,M,18-29,VALINHOS,2018-09-25
1193,BENEFICIARIO 01193,HOSPITALAR,F,30-44,PAULINIA,2024-03-09
1194,BENEFICIARIO 01194,HOSPITALAR,F,18-29,SUMARE,2018-12-15
1195,BENEFICIARIO 01195,AMBULATORIAL,M,0-17,CAMPINAS,2021-07-12
1196,BENEFICIARIO 01196,AMBULATORIAL,M,0-17,HORTOLANDIA,2021-03-02
1197,BENEFICIARIO 01197,COMPLETO,F,30-44,INDAIATUBA,2021-12-28
1198,BENEFICIARIO 01198,HOSPITALAR,F,30-44,INDAIATUBA,2023-08-25
1199,BENEFICIARIO 01199,AMBULATORIAL,F,0-17,INDAIATUBA,2023-05-08
1200,BENEFICIARIO 01200,AMBULATORIAL,M,18-29,VINHEDO,2023-03-12
1201,BENEFICIARIO 01201,AMBULATORIAL,F,18-29,PAULINIA,2025-05-03
1202,BENEFICIARIO 01202,HOSPITALAR,F,60+,HORTOLANDIA,2023-01-07
1203,BENEFICIARIO 01203,HOSPITALAR,M,30-44,HORTOLANDIA,2024-12-28
1204,BENEFICIARIO 01204,COMPLETO,F,45-59,PAULINIA,2020-05-05
1205,BENEFICIARIO 01205,AMBULATORIAL,F,60+,JAGUARIUNA,2019-02-03
1206,BENEFICIARIO 01206,AMBULATORIAL,F,30-44,VALINHOS,2023-08-06
1207,BENEFICIARIO 01207,AMBULATORIAL,M,30-44,VINHEDO,2021-04-25
1208,BENEFICIARIO 01208,HOSPITALAR,F,30-44,HORTOLANDIA,2021-12-18
1209,BENEFICIARIO 01209,AMBULATORIAL,F,18-29,JAGUARIUNA,2020-11-22
1210,BENEFICIARIO 01210,COMPLETO,M,45-59,VINHEDO,2019-05-23
1211,BENEFICIARIO 01211,COMPLETO,F,30-44,SUMARE,2022-07-01
1212,BENEFICIARIO 01212,COMPLETO,F,45-59,HORTOLANDIA,2023-10-01
1213,BENEFICIARIO 01213,REFERENCIA,M,0-17,INDAIATUBA,2023-09-04
1214,BENEFICIARIO 01214,COMPLETO,M,0-17,CAMPINAS,2020-09-29
1215,BENEFICIARIO 01215,AMBULATORIAL,F,0-17,SUMARE,2022-03-20
1216,BENEFICIARIO 01216,HOSPITALAR,M,0-17,PAULINIA,2022-05-10
1217,BENEFICIARIO 01217,COMPLETO,F,30-44,JAGUARIUNA,2023-04-03
1218,BENEFICIARIO 01218,COMPLETO,F,0-17,VINHEDO,2019-03-20
1219,BENEFICIARIO 01219,COMPLETO,M,18-29,INDAIATUBA,2021-09-08
1220,BENEFICIARIO 01220,AMBULATORIAL,M,30-44,JAGUARIUNA,2020-05-20
1221,BENEFICIARIO 01221,COMPLETO,F,30-44,JAGUARIUNA,2018-06-06
1222,BENEFICIARIO 01222,HOSPITALAR,M,18-29,PAULINIA,2021-08-04
1223,BENEFICIARIO 01223,AMBULATORIAL,M,0-17,HORTOLANDIA,2022-10-28
1224,BENEFICIARIO 01224,COMPLETO,F,0-17,PAULINIA,2018-04-04
1225,BENEFICIARIO 01225,COMPLETO,M,30-44,VINHEDO,2018-12-09
1226,BENEFICIARIO 01226,HOSPITALAR,F,30-44,INDAIATUBA,2018-12-01
1227,BENEFICIARIO 01227,REFERENCIA,M,45-59,PAULINIA,2025-07-05
1228,BENEFICIARIO 01228,REFERENCIA,F,0-17,VALINHOS,2022-10-22
1229,BENEFICIARIO 01229,REFERENCIA,M,18-29,PAULINIA,2021-12-01
1230,BENEFICIARIO 01230,COMPLETO,M,45-59,VINHEDO,2022-11-25
1231,BENEFICIARIO 01231,REFERENCIA,M,0-17,PAULINIA,2018-11-15
1232,BENEFICIARIO 01232,HOSPITALAR,M,30-44,CAMPINAS,2019-09-09
1233,BENEFICIARIO 01233,COMPLETO,F,45-59,HORTOLANDIA,2019-04-11
1234,BENEFICIARIO 01234,COMPLETO,M,60+,CAMPINAS,2023-01-20
1235,BENEFICIARIO 01235,HOSPITALAR,M,60+,VALINHOS,2018-05-30
1236,BENEFICIARIO 01236,HOSPITALAR,F,45-59,VINHEDO,2024-09-27
1237,BENEFICIARIO 01237,COMPLETO,F,30-44,PAULINIA,2020-02-22
1238,BENEFICIARIO 01238,AMBULATORIAL,M,30-44,CAMPINAS,2021-05-21
1239,BENEFICIARIO 01239,REFERENCIA,F,45-59,JAGUARIUNA,2022-08-23
1240,BENEFICIARIO 01240,COMPLETO,M,30-44,INDAIATUBA,2023-11-13
1241,BENEFICIARIO 01241,REFERENCIA,F,18-29,JAGUARIUNA,2022-10-21
1242,BENEFICIARIO 01242,REFERENCIA,F,60+,VINHEDO,2024-02-02
1243,BENEFICIARIO 01243,COMPLETO,M,30-44,INDAIATUBA,2025-02-10
1244,BENEFICIARIO 01244,REFERENCIA,F,0-17,VALINHOS,2019-01-03
1245,BENEFICIARIO 01245,AMBULATORIAL,M,0-17,JAGUARIUNA,2024-12-30
1246,BENEFICIARIO 01246,AMBULATORIAL,M,60+,CAMPINAS,2025-06-27
1247,BENEFICIARIO 01247,REFERENCIA,M,18-29,PAULINIA,2023-02-06
1248,BENEFICIARIO 01248,COMPLETO,F,18-29,JAGUARIUNA,2019-05-25
1249,BENEFICIARIO 01249,REFERENCIA,M,45-59,INDAIATUBA,2018-02-01
1250,BENEFICIARIO 01250,REFERENCIA,F,60+,SUMARE,2021-01-01
1251,BENEFICIARIO 01251,REFERENCIA,M,45-59,PAULINIA,2018-01-18
1252,BENEFICIARIO 01252,COMPLETO,F,0-17,CAMPINAS,2019-09-21
1253,BENEFICIARIO 01253,REFERENCIA,M,30-44,VINHEDO,2024-06-01
1254,BENEFICIARIO 01254,COMPLETO,F,60+,INDAIATUBA,2020-02-29
1255,BENEFICIARIO 01255,COMPLETO,F,60+,INDAIATUBA,2019-06-12
1256,BENEFICIARIO 01256,COMPLETO,F,45-59,HORTOLANDIA,2023-10-20
1257,BENEFICIARIO 01257,HOSPITALAR,M,18-29,VALINHOS,2019-06-02
1258,BENEFICIARIO 01258,AMBULATORIAL,M,30-44,VINHEDO,2021-08-13
1259,BENEFICIARIO 01259,HOSPITALAR,F,0-17,CAMPINAS,2022-11-27
1260,BENEFICIARIO 01260,AMBULATORIAL,F,0-17,VALINHOS,2024-05-31
1261,BENEFICIARIO 01261,COMPLETO,F,18-29,JAGUARIUNA,2025-02-11
1262,BENEFICIARIO 01262,REFERENCIA,F,18-29,PAULINIA,2021-05-01
1263,BENEFICIARIO 01263,HOSPITALAR,F,45-59,SUMARE,2025-05-24
1264,BENEFICIARIO 01264,AMBULATORIAL,M,0-17,VINHEDO,2025-01-13
1265,BENEFICIARIO 01265,AMBULATORIAL,F,0-17,JAGUARIUNA,2024-09-06
1266,BENEFICIARIO 01266,AMBULATORIAL,F,18-29,SUMARE,2020-12-09
1267,BENEFICIARIO 01267,HOSPITALAR,F,0-17,JAGUARIUNA,2022-01-20
1268,BENEFICIARIO 01268,HOSPITALAR,M,0-17,JAGUARIUNA,2018-03-31
1269,BENEFICIARIO 01269,COMPLETO,F,45-59,VALINHOS,2020-05-11
1270,BENEFICIARIO 01270,COMPLETO,M,30-44,JAGUARIUNA,2019-10-22
1271,BENEFICIARIO 01271,HOSPITALAR,M,0-17,VINHEDO,2025-05-25
1272,BENEFICIARIO 01272,AMBULATORIAL,F,30-44,HORTOLANDIA,2023-06-06
1273,BENEFICIARIO 01273,AMBULATORIAL,F,60+,SUMARE,2019-05-14
1274,BENEFICIARIO 01274,HOSPITALAR,F,60+,CAMPINAS,2023-10-23
1275,BENEFICIARIO 01275,HOSPITALAR,F,30-44,VALINHOS,2020-06-07
1276,BENEFICIARIO 01276,AMBULATORIAL,M,18-29,PAULINIA,2018-12-08
1277,BENEFICIARIO 01277,HOSPITALAR,M,30-44,JAGUARIUNA,2020-03-27
1278,BENEFICIARIO 01278,AMBULATORIAL,M,60+,SUMARE,2023-03-29
1279,BENEFICIARIO 01279,COMPLETO,M,60+,INDAIATUBA,2020-03-01
1280,BENEFICIARIO 01280,REFERENCIA,F,18-29,SUMARE,2022-05-29
1281,BENEFICIARIO 01281,AMBULATORIAL,M,18-29,PAULINIA,2023-06-22
1282,BENEFICIARIO 01282,COMPLETO,M,45-59,SUMARE,2021-07-29
1283,BENEFICIARIO 01283,AMBULATORIAL,M,45-59,PAULINIA,2024-05-12
1284,BENEFICIARIO 01284,REFERENCIA,M,0-17,JAGUARIUNA,2019-11-17
1285,BENEFICIARIO 01285,AMBULATORIAL,M,60+,INDAIATUBA,2021-04-17
1286,BENEFICIARIO 01286,REFERENCIA,M,0-17,VALINHOS,2020-01-07
1287,BENEFICIARIO 01287,REFERENCIA,M,18-29,HORTOLANDIA,2020-10-01
1288,BENEFICIARIO 01288,AMBULATORIAL,F,30-44,HORTOLANDIA,2019-08-18
1289,BENEFICIARIO 01289,REFERENCIA,F,0-17,HORTOLANDIA,2018-02-14
1290,BENEFICIARIO 01290,REFERENCIA,F,45-59,HORTOLANDIA,2020-08-10
1291,BENEFICIARIO 01291,AMBULATORIAL,M,30-44,PAULINIA,2023-11-30
1292,BENEFICIARIO 01292,HOSPITALAR,F,60+,SUMARE,2024-10-25
1293,BENEFICIARIO 01293,AMBULATORIAL,M,45-59,HORTOLANDIA,2021-08-04
1294,BENEFICIARIO 01294,HOSPITALAR,F,0-17,JAGUARIUNA,2023-08-05
1295,BENEFICIARIO 01295,AMBULATORIAL,M,45-59,VALINHOS,2019-05-24
1296,BENEFICIARIO 01296,COMPLETO,F,60+,HORTOLANDIA,2024-08-18
1297,BENEFICIARIO 01297,COMPLETO,F,60+,CAMPINAS,2021-03-13
1298,BENEFICIARIO 01298,AMBULATORIAL,F,45-59,SUMARE,2019-06-21
1299,BENEFICIARIO 01299,COMPLETO,F,60+,CAMPINAS,2021-10-13
1300,BENEFICIARIO 01300,AMBULATORIAL,F,45-59,VALINHOS,2022-08-28
1301,BENEFICIARIO 01301,REFERENCIA,M,30-44,HORTOLANDIA,2022-06-28
1302,BENEFICIARIO 01302,AMBULATORIAL,M,45-59,CAMPINAS,2022-05-31
1303,BENEFICIARIO 01303,REFERENCIA,M,45-59,VALINHOS,2022-03-12
1304,BENEFICIARIO 01304,AMBULATORIAL,F,18-29,CAMPINAS,2018-02-12
1305,BENEFICIARIO 01305,HOSPITALAR,F,30-44,INDAIATUBA,2020-07-16
1306,BENEFICIARIO 01306,HOSPITALAR,F,18-29,HORTOLANDIA,2024-01-11
1307,BENEFICIARIO 01307,AMBULATORIAL,F,30-44,CAMPINAS,2019-03-30
1308,BENEFICIARIO 01308,AMBULATORIAL,M,0-17,SUMARE,2021-09-10
1309,BENEFICIARIO 01309,COMPLETO,M,18-29,VINHEDO,2024-07-17
1310,BENEFICIARIO 01310,COMPLETO,F,18-29,HORTOLANDIA,2019-08-30
1311,BENEFICIARIO 01311,COMPLETO,M,0-17,PAULINIA,2024-06-25
1312,BENEFICIARIO 01312,COMPLETO,M,30-44,HORTOLANDIA,2023-06-01
1313,BENEFICIARIO 01313,HOSPITALAR,F,30-44,SUMARE,2018-12-06
1314,BENEFICIARIO 01314,REFERENCIA,F,18-29,VALINHOS,2018-11-04
1315,BENEFICIARIO 01315,COMPLETO,F,18-29,CAMPINAS,2025-07-09
1316,BENEFICIARIO 01316,HOSPITALAR,M,45-59,PAULINIA,2023-06-21
1317,BENEFICIARIO 01317,AMBULATORIAL,M,18-29,HORTOLANDIA,2021-07-01
1318,BENEFICIARIO 01318,COMPLETO,F,60+,VALINHOS,2019-06-17
1319,BENEFICIARIO 01319,HOSPITALAR,M,45-59,JAGUARIUNA,2024-12-16
1320,BENEFICIARIO 01320,HOSPITALAR,M,18-29,VALINHOS,2021-02-12
1321,BENEFICIARIO 01321,COMPLETO,F,30-44,VALINHOS,2019-08-27
1322,BENEFICIARIO 01322,COMPLETO,F,0-17,PAULINIA,2018-03-09
1323,BENEFICIARIO 01323,COMPLETO,F,30-44,CAMPINAS,2023-05-05
1324,BENEFICIARIO 01324,COMPLETO,M,30-44,VALINHOS,2024-03-04
1325,BENEFICIARIO 01325,AMBULATORIAL,M,45-59,PAULINIA,2019-09-09
1326,BENEFICIARIO 01326,COMPLETO,M,60+,HORTOLANDIA,2018-08-06
1327,BENEFICIARIO 01327,COMPLETO,M,30-44,VALINHOS,2018-07-21
1328,BENEFICIARIO 01328,COMPLETO,M,18-29,SUMARE,2020-02-15
1329,BENEFICIARIO 01329,COMPLETO,F,60+,SUMARE,2023-12-10
1330,BENEFICIARIO 01330,COMPLETO,M,0-17,CAMPINAS,2025-04-01
1331,BENEFICIARIO 01331,HOSPITALAR,F,18-29,VALINHOS,2018-08-06
1332,BENEFICIARIO 01332,AMBULATORIAL,M,18-29,VALINHOS,2023-12-20
1333,BENEFICIARIO 01333,AMBULATORIAL,M,18-29,INDAIATUBA,2022-05-25
1334,BENEFICIARIO 01334,COMPLETO,F,18-29,SUMARE,2023-07-22
1335,BENEFICIARIO 01335,HOSPITALAR,F,18-29,HORTOLANDIA,2025-02-21
1336,BENEFICIARIO 01336,REFERENCIA,M,0-17,VALINHOS,2020-01-29
1337,BENEFICIARIO 01337,COMPLETO,M,18-29,VINHEDO,2021-07-14
1338,BENEFICIARIO 01338,AMBULATORIAL,F,18-29,HORTOLANDIA,2023-02-08
1339,BENEFICIARIO 01339,HOSPITALAR,F,45-59,INDAIATUBA,2021-09-30
1340,BENEFICIARIO 01340,AMBULATORIAL,F,30-44,VALINHOS,2019-12-01
1341,BENEFICIARIO 01341,AMBULATORIAL,M,45-59,CAMPINAS,2023-06-24
1342,BENEFICIARIO 01342,HOSPITALAR,M,0-17,CAMPINAS,2018-03-13
1343,BENEFICIARIO 01343,REFERENCIA,F,60+,VINHEDO,2019-08-24
1344,BENEFICIARIO 01344,AMBULATORIAL,F,30-44,HORTOLANDIA,2023-01-28
1345,BENEFICIARIO 01345,COMPLETO,M,60+,SUMARE,2025-06-10
1346,BENEFICIARIO 01346,COMPLETO,M,30-44,JAGUARIUNA,2018-02-25
1347,BENEFICIARIO 01347,REFERENCIA,M,30-44,JAGUARIUNA,2019-04-07
1348,BENEFICIARIO 01348,REFERENCIA,F,18-29,INDAIATUBA,2020-06-21
1349,BENEFICIARIO 01349,HOSPITALAR,M,45-59,CAMPINAS,2020-09-27
1350,BENEFICIARIO 01350,COMPLETO,M,18-29,VALINHOS,2020-03-04
1351,BENEFICIARIO 01351,COMPLETO,F,30-44,JAGUARIUNA,2023-11-29
1352,BENEFICIARIO 01352,HOSPITALAR,M,30-44,HORTOLANDIA,2022-05-21
1353,BENEFICIARIO 01353,COMPLETO,M,30-44,PAULINIA,2018-06-18
1354,BENEFICIARIO 01354,REFERENCIA,F,45-59,JAGUARIUNA,2024-05-10
1355,BENEFICIARIO 01355,REFERENCIA,M,0-17,CAMPINAS,2023-08-06
1356,BENEFICIARIO 01356,HOSPITALAR,M,18-29,SUMARE,2024-12-30
1357,BENEFICIARIO 01357,HOSPITALAR,M,45-59,SUMARE,2018-09-22
1358,BENEFICIARIO 01358,REFERENCIA,F,45-59,CAMPINAS,2020-06-09
1359,BENEFICIARIO 01359,REFERENCIA,F,0-17,JAGUARIUNA,2021-06-06
1360,BENEFICIARIO 01360,AMBULATORIAL,M,30-44,CAMPINAS,2018-07-24
1361,BENEFICIARIO 01361,REFERENCIA,F,30-44,SUMARE,2023-08-19
1362,BENEFICIARIO 01362,HOSPITALAR,F,30-44,VINHEDO,2020-03-16
1363,BENEFICIARIO 01363,COMPLETO,F,30-44,PAULINIA,2018-05-12
1364,BENEFICIARIO 01364,COMPLETO,M,18-29,INDAIATUBA,2022-09-27
1365,BENEFICIARIO 01365,COMPLETO,F,30-44,SUMARE,2024-09-11
1366,BENEFICIARIO 01366,REFERENCIA,F,60+,INDAIATUBA,2021-08-13
1367,BENEFICIARIO 01367,HOSPITALAR,F,30-44,VINHEDO,2022-09-02
1368,BENEFICIARIO 01368,HOSPITALAR,M,30-44,VALINHOS,2021-05-02
1369,BENEFICIARIO 01369,COMPLETO,F,45-59,INDAIATUBA,2019-01-29
1370,BENEFICIARIO 01370,HOSPITALAR,M,30-44,HORTOLANDIA,2023-04-03
1371,BENEFICIARIO 01371,REFERENCIA,M,45-59,INDAIATUBA,2022-08-08
1372,BENEFICIARIO 01372,COMPLETO,F,60+,CAMPINAS,2022-09-21
1373,BENEFICIARIO 01373,AMBULATORIAL,F,60+,SUMARE,2020-09-20
1374,BENEFICIARIO 01374,REFERENCIA,F,60+,SUMARE,2018-08-08
1375,BENEFICIARIO 01375,COMPLETO,F,45-59,CAMPINAS,2023-03-11
1376,BENEFICIARIO 01376,COMPLETO,F,0-17,CAMPINAS,2021-01-11
1377,BENEFICIARIO 01377,AMBULATORIAL,M,60+,VALINHOS,2021-04-05
1378,BENEFICIARIO 01378,COMPLETO,M,0-17,VALINHOS,2024-07-22
1379,BENEFICIARIO 01379,AMBULATORIAL,F,60+,VINHEDO,2024-04-21
1380,BENEFICIARIO 01380,COMPLETO,F,18-29,VINHEDO,2021-05-17
1381,BENEFICIARIO 01381,REFERENCIA,F,45-59,PAULINIA,2019-04-15
1382,BENEFICIARIO 01382,AMBULATORIAL,F,18-29,VALINHOS,2023-10-31
1383,BENEFICIARIO 01383,AMBULATORIAL,F,18-29,VALINHOS,2023-04-25
1384,BENEFICIARIO 01384,AMBULATORIAL,M,45-59,CAMPINAS,2019-05-14
1385,BENEFICIARIO 01385,REFERENCIA,M,45-59,VINHEDO,2020-08-20
1386,BENEFICIARIO 01386,REFERENCIA,M,60+,VALINHOS,2022-11-06
1387,BENEFICIARIO 01387,HOSPITALAR,F,18-29,VINHEDO,2025-05-16
1388,BENEFICIARIO 01388,HOSPITALAR,F,60+,PAULINIA,2023-05-05
1389,BENEFICIARIO 01389,COMPLETO,M,30-44,VALINHOS,2024-08-08
1390,BENEFICIARIO 01390,COMPLETO,M,30-44,INDAIATUBA,2022-04-30
1391,BENEFICIARIO 01391,AMBULATORIAL,M,45-59,INDAIATUBA,2019-08-30
1392,BENEFICIARIO 01392,AMBULATORIAL,M,45-59,VALINHOS,2024-04-30
1393,BENEFICIARIO 01393,COMPLETO,F,60+,SUMARE,2018-05-20
1394,BENEFICIARIO 01394,COMPLETO,F,30-44,VINHEDO,2023-04-01
1395,BENEFICIARIO 01395,COMPLETO,M,0-17,VINHEDO,2022-01-05
1396,BENEFICIARIO 01396,HOSPITALAR,M,60+,INDAIATUBA,2023-10-03
1397,BENEFICIARIO 01397,AMBULATORIAL,F,18-29,HORTOLANDIA,2025-05-10
1398,BENEFICIARIO 01398,REFERENCIA,M,18-29,SUMARE,2025-05-20
1399,BENEFICIARIO 01399,REFERENCIA,M,0-17,JAGUARIUNA,2022-03-23
1400,BENEFICIARIO 01400,COMPLETO,F,60+,SUMARE,2019-06-15
1401,BENEFICIARIO 01401,REFERENCIA,M,60+,INDAIATUBA,2018-10-04
1402,BENEFICIARIO 01402,AMBULATORIAL,F,18-29,PAULINIA,2019-01-31
1403,BENEFICIARIO 01403,AMBULATORIAL,M,45-59,HORTOLANDIA,2020-08-06
1404,BENEFICIARIO 01404,HOSPITALAR,F,18-29,INDAIATUBA,2022-09-17
1405,BENEFICIARIO 01405,AMBULATORIAL,F,60+,SUMARE,2019-04-14
1406,BENEFICIARIO 01406,AMBULATORIAL,F,45-59,HORTOLANDIA,2024-10-20
1407,BENEFICIARIO 01407,AMBULATORIAL,F,30-44,VALINHOS,2023-01-16
1408,BENEFICIARIO 01408,COMPLETO,F,60+,PAULINIA,2020-03-12
1409,BENEFICIARIO 01409,REFERENCIA,M,45-59,SUMARE,2020-07-12
1410,BENEFICIARIO 01410,HOSPITALAR,F,45-59,PAULINIA,2018-12-19
1411,BENEFICIARIO 01411,AMBULATORIAL,F,18-29,CAMPINAS,2019-07-30
1412,BENEFICIARIO 01412,AMBULATORIAL,M,45-59,VALINHOS,2021-10-27
1413,BENEFICIARIO 01413,HOSPITALAR,M,18-29,PAULINIA,2024-05-25
1414,BENEFICIARIO 01414,COMPLETO,M,30-44,VINHEDO,2018-10-03
1415,BENEFICIARIO 01415,COMPLETO,M,45-59,VALINHOS,2024-05-20
1416,BENEFICIARIO 01416,AMBULATORIAL,F,60+,SUMARE,2019-02-18
1417,BENEFICIARIO 01417,AMBULATORIAL,M,18-29,CAMPINAS,2024-09-29
1418,BENEFICIARIO 01418,REFERENCIA,F,18-29,SUMARE,2020-10-26
1419,BENEFICIARIO 01419,COMPLETO,M,0-17,VINHEDO,2021-03-25
1420,BENEFICIARIO 01420,AMBULATORIAL,F,60+,SUMARE,2022-06-24
1421,BENEFICIARIO 01421,AMBULATORIAL,F,60+,JAGUARIUNA,2020-12-13
1422,BENEFICIARIO 01422,AMBULATORIAL,F,30-44,INDAIATUBA,2020-12-04
1423,BENEFICIARIO 01423,HOSPITALAR,M,0-17,VINHEDO,2020-04-16
1424,BENEFICIARIO 01424,REFERENCIA,F,18-29,JAGUARIUNA,2018-10-26
1425,BENEFICIARIO 01425,AMBULATORIAL,M,0-17,INDAIATUBA,2024-09-16
1426,BENEFICIARIO 01426,AMBULATORIAL,M,18-29,SUMARE,2018-06-20
1427,BENEFICIARIO 01427,AMBULATORIAL,F,45-59,PAULINIA,2025-04-17
1428,BENEFICIARIO 01428,REFERENCIA,M,45-59,SUMARE,2020-07-21
1429,BENEFICIARIO 01429,AMBULATORIAL,F,0-17,PAULINIA,2023-12-29
1430,BENEFICIARIO 01430,COMPLETO,F,60+,JAGUARIUNA,2018-08-02
1431,BENEFICIARIO 01431,COMPLETO,M,18-29,INDAIATUBA,2022-10-15
1432,BENEFICIARIO 01432,HOSPITALAR,F,45-59,VALINHOS,2024-11-26
1433,BENEFICIARIO 01433,REFERENCIA,M,18-29,HORTOLANDIA,2022-11-24
1434,BENEFICIARIO 01434,AMBULATORIAL,F,18-29,VALINHOS,2024-08-07
1435,BENEFICIARIO 01435,AMBULATORIAL,F,45-59,CAMPINAS,2018-03-03
1436,BENEFICIARIO 01436,HOSPITALAR,F,0-17,CAMPINAS,2019-06-04
1437,BENEFICIARIO 01437,COMPLETO,F,30-44,CAMPINAS,2021-07-10
1438,BENEFICIARIO 01438,REFERENCIA,F,30-44,VINHEDO,2024-10-18
1439,BENEFICIARIO 01439,COMPLETO,M,0-17,VALINHOS,2018-11-09
1440,BENEFICIARIO 01440,REFERENCIA,F,45-59,HORTOLANDIA,2020-06-21
1441,BENEFICIARIO 01441,COMPLETO,M,30-44,SUMARE,2025-05-01
1442,BENEFICIARIO 01442,HOSPITALAR,M,30-44,VALINHOS,2018-08-10
1443,BENEFICIARIO 01443,REFERENCIA,M,60+,JAGUARIUNA,2021-02-19
1444,BENEFICIARIO 01444,AMBULATORIAL,F,18-29,PAULINIA,2021-06-03
1445,BENEFICIARIO 01445,HOSPITALAR,F,30-44,VINHEDO,2018-05-27
1446,BENEFICIARIO 01446,HOSPITALAR,M,45-59,VALINHOS,2018-03-29
1447,BENEFICIARIO 01447,COMPLETO,F,30-44,SUMARE,2024-08-06
1448,BENEFICIARIO 01448,COMPLETO,M,0-17,CAMPINAS,2021-02-17
1449,BENEFICIARIO 01449,COMPLETO,M,0-17,INDAIATUBA,2022-04-25
1450,BENEFICIARIO 01450,COMPLETO,F,18-29,PAULINIA,2022-04-03
1451,BENEFICIARIO 01451,HOSPITALAR,M,60+,CAMPINAS,2025-05-29
1452,BENEFICIARIO 01452,REFERENCIA,F,60+,HORTOLANDIA,2018-04-17
1453,BENEFICIARIO 01453,REFERENCIA,M,60+,PAULINIA,2018-04-23
1454,BENEFICIARIO 01454,REFERENCIA,M,45-59,CAMPINAS,2019-03-24
1455,BENEFICIARIO 01455,COMPLETO,M,60+,JAGUARIUNA,2022-10-03
1456,BENEFICIARIO 01456,REFERENCIA,F,45-59,JAGUARIUNA,2020-09-02
1457,BENEFICIARIO 01457,HOSPITALAR,F,30-44,SUMARE,2018-12-17
1458,BENEFICIARIO 01458,HOSPITALAR,M,30-44,INDAIATUBA,2018-06-08
1459,BENEFICIARIO 01459,REFERENCIA,M,30-44,SUMARE,2025-04-28
1460,BENEFICIARIO 01460,AMBULATORIAL,F,30-44,HORTOLANDIA,2020-12-19
1461,BENEFICIARIO 01461,HOSPITALAR,M,45-59,CAMPINAS,2022-12-07
1462,BENEFICIARIO 01462,AMBULATORIAL,M,0-17,HORTOLANDIA,2023-05-21
1463,BENEFICIARIO 01463,HOSPITALAR,M,0-17,VALINHOS,2021-02-06
1464,BENEFICIARIO 01464,REFERENCIA,F,45-59,VINHEDO,2020-11-22
1465,BENEFICIARIO 01465,REFERENCIA,M,45-59,VINHEDO,2020-07-20
1466,BENEFICIARIO 01466,HOSPITALAR,F,60+,CAMPINAS,2020-08-11
1467,BENEFICIARIO 01467,AMBULATORIAL,F,18-29,JAGUARIUNA,2024-07-03
1468,BENEFICIARIO 01468,REFERENCIA,F,60+,PAULINIA,2018-09-07
1469,BENEFICIARIO 01469,REFERENCIA,M,0-17,HORTOLANDIA,2024-01-23
1470,BENEFICIARIO 01470,AMBULATORIAL,F,30-44,VALINHOS,2018-11-14
1471,BENEFICIARIO 01471,COMPLETO,F,60+,VALINHOS,2020-08-28
1472,BENEFICIARIO 01472,HOSPITALAR,M,60+,HORTOLANDIA,2022-08-31
1473,BENEFICIARIO 01473,AMBULATORIAL,M,30-44,VINHEDO,2018-04-12
1474,BENEFICIARIO 01474,REFERENCIA,M,30-44,INDAIATUBA,2025-04-24
1475,BENEFICIARIO 01475,REFERENCIA,M,30-44,CAMPINAS,2019-10-19
1476,BENEFICIARIO 01476,REFERENCIA,F,30-44,VINHEDO,2024-08-18
1477,BENEFICIARIO 01477,AMBULATORIAL,F,60+,PAULINIA,2021-07-06
1478,BENEFICIARIO 01478,REFERENCIA,F,45-59,CAMPINAS,2025-05-15
1479,BENEFICIARIO 01479,HOSPITALAR,M,0-17,VALINHOS,2020-07-08
1480,BENEFICIARIO 01480,COMPLETO,F,60+,CAMPINAS,2024-10-22
1481,BENEFICIARIO 01481,COMPLETO,M,30-44,SUMARE,2020-03-09
1482,BENEFICIARIO 01482,REFERENCIA,F,30-44,PAULINIA,2022-01-22
1483,BENEFICIARIO 01483,HOSPITALAR,M,30-44,VALINHOS,2020-09-14
1484,BENEFICIARIO 01484,COMPLETO,M,30-44,VALINHOS,2021-12-12
1485,BENEFICIARIO 01485,AMBULATORIAL,M,45-59,PAULINIA,2023-01-13
1486,BENEFICIARIO 01486,COMPLETO,F,60+,VINHEDO,2024-01-12
1487,BENEFICIARIO 01487,HOSPITALAR,M,60+,VINHEDO,2024-10-16
1488,BENEFICIARIO 01488,REFERENCIA,M,30-44,HORTOLANDIA,2019-04-29
1489,BENEFICIARIO 01489,AMBULATORIAL,M,45-59,VINHEDO,2024-06-17
1490,BENEFICIARIO 01490,COMPLETO,F,18-29,JAGUARIUNA,2018-03-05
1491,BENEFICIARIO 01491,HOSPITALAR,F,45-59,SUMARE,2024-03-21
1492,BENEFICIARIO 01492,COMPLETO,F,18-29,CAMPINAS,2022-11-03
1493,BENEFICIARIO 01493,AMBULATORIAL,F,0-17,VINHEDO,2023-10-11
1494,BENEFICIARIO 01494,COMPLETO,M,30-44,VINHEDO,2022-07-06
1495,BENEFICIARIO 01495,HOSPITALAR,M,0-17,HORTOLANDIA,2021-10-10
1496,BENEFICIARIO 01496,AMBULATORIAL,F,0-17,HORTOLANDIA,2023-01-13
1497,BENEFICIARIO 01497,COMPLETO,M,45-59,SUMARE,2023-05-09
1498,BENEFICIARIO 01498,HOSPITALAR,F,60+,VALINHOS,2019-09-16
1499,BENEFICIARIO 01499,AMBULATORIAL,M,45-59,INDAIATUBA,2021-08-05
1500,BENEFICIARIO 01500,COMPLETO,F,60+,SUMARE,2019-02-01
1501,BENEFICIARIO 01501,HOSPITALAR,M,45-59,HORTOLANDIA,2018-07-17
1502,BENEFICIARIO 01502,COMPLETO,M,30-44,INDAIATUBA,2021-07-28
1503,BENEFICIARIO 01503,HOSPITALAR,F,0-17,PAULINIA,2022-10-30
1504,BENEFICIARIO 01504,REFERENCIA,M,0-17,HORTOLANDIA,2021-03-12
1505,BENEFICIARIO 01505,HOSPITALAR,F,30-44,SUMARE,2023-06-17
1506,BENEFICIARIO 01506,COMPLETO,F,18-29,SUMARE,2020-11-28
1507,BENEFICIARIO 01507,AMBULATORIAL,F,30-44,VINHEDO,2019-01-29
1508,BENEFICIARIO 01508,HOSPITALAR,F,0-17,CAMPINAS,2024-01-21
1509,BENEFICIARIO 01509,HOSPITALAR,F,45-59,CAMPINAS,2022-02-22
1510,BENEFICIARIO 01510,HOSPITALAR,M,60+,INDAIATUBA,2022-12-28
1511,BENEFICIARIO 01511,HOSPITALAR,M,30-44,VALINHOS,2019-05-07
1512,BENEFICIARIO 01512,COMPLETO,M,45-59,SUMARE,2018-12-22
1513,BENEFICIARIO 01513,HOSPITALAR,M,0-17,HORTOLANDIA,2018-11-20
1514,BENEFICIARIO 01514,HOSPITALAR,F,30-44,VINHEDO,2023-09-08
1515,BENEFICIARIO 01515,REFERENCIA,M,45-59,VALINHOS,2021-07-13
1516,BENEFICIARIO 01516,AMBULATORIAL,M,0-17,HORTOLANDIA,2020-02-19
1517,BENEFICIARIO 01517,AMBULATORIAL,F,18-29,VINHEDO,2024-07-29
1518,BENEFICIARIO 01518,COMPLETO,F,18-29,SUMARE,2023-04-10
1519,BENEFICIARIO 01519,HOSPITALAR,M,18-29,JAGUARIUNA,2021-03-03
1520,BENEFICIARIO 01520,HOSPITALAR,F,0-17,PAULINIA,2018-01-14
1521,BENEFICIARIO 01521,COMPLETO,F,45-59,PAULINIA,2019-12-31
1522,BENEFICIARIO 01522,AMBULATORIAL,M,30-44,INDAIATUBA,2025-01-28
1523,BENEFICIARIO 01523,HOSPITALAR,M,45-59,VINHEDO,2021-05-14
1524,BENEFICIARIO 01524,HOSPITALAR,M,45-59,JAGUARIUNA,2025-01-24
1525,BENEFICIARIO 01525,COMPLETO,M,60+,JAGUARIUNA,2021-04-25
1526,BENEFICIARIO 01526,AMBULATORIAL,F,0-17,SUMARE,2022-09-15
1527,BENEFICIARIO 01527,COMPLETO,M,18-29,INDAIATUBA,2019-04-20
1528,BENEFICIARIO 01528,HOSPITALAR,M,30-44,VALINHOS,2021-11-24
1529,BENEFICIARIO 01529,COMPLETO,F,45-59,JAGUARIUNA,2024-09-27
1530,BENEFICIARIO 01530,COMPLETO,F,0-17,SUMARE,2021-01-02
1531,BENEFICIARIO 01531,HOSPITALAR,M,0-17,HORTOLANDIA,2020-12-07
1532,BENEFICIARIO 01532,REFERENCIA,M,45-59,JAGUARIUNA,2022-10-08
1533,BENEFICIARIO 01533,COMPLETO,M,0-17,SUMARE,2023-06-12
1534,BENEFICIARIO 01534,HOSPITALAR,M,0-17,SUMARE,2023-01-08
1535,BENEFICIARIO 01535,COMPLETO,F,60+,VINHEDO,2024-01-05
1536,BENEFICIARIO 01536,HOSPITALAR,F,60+,HORTOLANDIA,2019-06-14
1537,BENEFICIARIO 01537,AMBULATORIAL,F,45-59,VALINHOS,2021-09-27
1538,BENEFICIARIO 01538,REFERENCIA,F,0-17,PAULINIA,2022-01-23
1539,BENEFICIARIO 01539,HOSPITALAR,F,60+,INDAIATUBA,2020-07-28
1540,BENEFICIARIO 01540,REFERENCIA,F,30-44,HORTOLANDIA,2022-08-21
1541,BENEFICIARIO 01541,HOSPITALAR,F,0-17,CAMPINAS,2018-03-24
1542,BENEFICIARIO 01542,AMBULATORIAL,M,45-59,CAMPINAS,2019-10-05
1543,BENEFICIARIO 01543,REFERENCIA,M,0-17,PAULINIA,2025-01-30
1544,BENEFICIARIO 01544,HOSPITALAR,F,30-44,VALINHOS,2022-03-28
1545,BENEFICIARIO 01545,COMPLETO,F,30-44,VALINHOS,2018-11-10
1546,BENEFICIARIO 01546,AMBULATORIAL,M,0-17,CAMPINAS,2024-01-28
1547,BENEFICIARIO 01547,HOSPITALAR,F,60+,INDAIATUBA,2020-03-06
1548,BENEFICIARIO 01548,REFERENCIA,M,45-59,CAMPINAS,2021-05-22
1549,BENEFICIARIO 01549,REFERENCIA,M,18-29,VALINHOS,2020-12-18
1550,BENEFICIARIO 01550,COMPLETO,M,30-44,INDAIATUBA,2019-01-17
1551,BENEFICIARIO 01551,HOSPITALAR,M,60+,SUMARE,2023-06-03
1552,BENEFICIARIO 01552,REFERENCIA,F,45-59,CAMPINAS,2023-07-29
1553,BENEFICIARIO 01553,COMPLETO,M,60+,VALINHOS,2023-01-27
1554,BENEFICIARIO 01554,HOSPITALAR,F,45-59,PAULINIA,2023-01-06
1555,BENEFICIARIO 01555,REFERENCIA,M,60+,VALINHOS,2025-03-17
1556,BENEFICIARIO 01556,REFERENCIA,M,18-29,VALINHOS,2019-01-26
1557,BENEFICIARIO 01557,HOSPITALAR,F,45-59,PAULINIA,2018-12-10
1558,BENEFICIARIO 01558,HOSPITALAR,M,60+,JAGUARIUNA,2023-11-14
1559,BENEFICIARIO 01559,HOSPITALAR,F,45-59,SUMARE,2022-08-14
1560,BENEFICIARIO 01560,REFERENCIA,M,18-29,CAMPINAS,2021-08-09
1561,BENEFICIARIO 01561,COMPLETO,F,30-44,PAULINIA,2024-04-22
1562,BENEFICIARIO 01562,COMPLETO,M,30-44,PAULINIA,2021-08-11
1563,BENEFICIARIO 01563,COMPLETO,M,60+,VALINHOS,2019-03-07
1564,BENEFICIARIO 01564,COMPLETO,F,45-59,VINHEDO,2018-02-25
1565,BENEFICIARIO 01565,HOSPITALAR,F,18-29,PAULINIA,2022-11-28
1566,BENEFICIARIO 01566,AMBULATORIAL,F,45-59,JAGUARIUNA,2019-12-01
1567,BENEFICIARIO 01567,COMPLETO,F,60+,INDAIATUBA,2022-06-24
1568,BENEFICIARIO 01568,AMBULATORIAL,M,0-17,INDAIATUBA,2021-04-20
1569,BENEFICIARIO 01569,REFERENCIA,M,60+,HORTOLANDIA,2024-04-28
1570,BENEFICIARIO 01570,HOSPITALAR,F,30-44,PAULINIA,2024-11-19
1571,BENEFICIARIO 01571,REFERENCIA,M,45-59,JAGUARIUNA,2020-05-12
1572,BENEFICIARIO 01572,REFERENCIA,F,18-29,JAGUARIUNA,2018-02-10
1573,BENEFICIARIO 01573,REFERENCIA,M,18-29,VINHEDO,2023-04-12
1574,BENEFICIARIO 01574,AMBULATORIAL,F,30-44,PAULINIA,2020-03-27
1575,BENEFICIARIO 01575,AMBULATORIAL,M,30-44,VALINHOS,2018-09-08
1576,BENEFICIARIO 01576,COMPLETO,F,0-17,HORTOLANDIA,2025-02-19
1577,BENEFICIARIO 01577,HOSPITALAR,M,0-17,PAULINIA,2021-01-29
1578,BENEFICIARIO 01578,REFERENCIA,M,60+,SUMARE,2022-02-13
1579,BENEFICIARIO 01579,COMPLETO,M,60+,PAULINIA,2018-11-14
1580,BENEFICIARIO 01580,HOSPITALAR,F,18-29,SUMARE,2020-01-01
1581,BENEFICIARIO 01581,REFERENCIA,F,18-29,INDAIATUBA,2021-09-14
1582,BENEFICIARIO 01582,REFERENCIA,M,18-29,VINHEDO,2018-01-11
1583,BENEFICIARIO 01583,HOSPITALAR,F,0-17,VINHEDO,2019-08-11
1584,BENEFICIARIO 01584,HOSPITALAR,M,0-17,HORTOLANDIA,2018-11-15
1585,BENEFICIARIO 01585,AMBULATORIAL,F,60+,JAGUARIUNA,2022-10-09
1586,BENEFICIARIO 01586,COMPLETO,M,30-44,VALINHOS,2020-09-13
1587,BENEFICIARIO 01587,COMPLETO,M,45-59,JAGUARIUNA,2021-12-25
1588,BENEFICIARIO 01588,REFERENCIA,M,60+,VALINHOS,2024-10-15
1589,BENEFICIARIO 01589,HOSPITALAR,F,30-44,VINHEDO,2022-11-26
1590,BENEFICIARIO 01590,COMPLETO,M,30-44,VALINHOS,2024-04-04
1591,BENEFICIARIO 01591,COMPLETO,M,18-29,CAMPINAS,2022-02-06
1592,BENEFICIARIO 01592,COMPLETO,M,45-59,PAULINIA,2024-12-02
1593,BENEFICIARIO 01593,HOSPITALAR,M,30-44,VINHEDO,2018-02-13
1594,BENEFICIARIO 01594,HOSPITALAR,M,30-44,PAULINIA,2018-01-23
1595,BENEFICIARIO 01595,REFERENCIA,M,0-17,HORTOLANDIA,2020-11-05
1596,BENEFICIARIO 01596,AMBULATORIAL,M,0-17,SUMARE,2025-03-13
1597,BENEFICIARIO 01597,COMPLETO,M,0-17,SUMARE,2021-01-28
1598,BENEFICIARIO 01598,AMBULATORIAL,F,45-59,JAGUARIUNA,2023-07-02
1599,BENEFICIARIO 01599,HOSPITALAR,M,60+,VALINHOS,2018-06-06
1600,BENEFICIARIO 01600,REFERENCIA,F,60+,VINHEDO,2019-12-26
1601,BENEFICIARIO 01601,HOSPITALAR,F,45-59,VALINHOS,2018-08-18
1602,BENEFICIARIO 01602,COMPLETO,F,30-44,VALINHOS,2024-02-07
1603,BENEFICIARIO 01603,REFERENCIA,F,60+,CAMPINAS,2021-09-24
1604,BENEFICIARIO 01604,REFERENCIA,F,60+,HORTOLANDIA,2023-10-16
1605,BENEFICIARIO 01605,AMBULATORIAL,M,45-59,CAMPINAS,2018-09-24
1606,BENEFICIARIO 01606,HOSPITALAR,F,30-44,VALINHOS,2019-12-08
1607,BENEFICIARIO 01607,COMPLETO,F,30-44,PAULINIA,2023-09-02
1608,BENEFICIARIO 01608,COMPLETO,F,0-17,SUMARE,2021-01-26
1609,BENEFICIARIO 01609,REFERENCIA,F,30-44,JAGUARIUNA,2024-05-16
1610,BENEFICIARIO 01610,AMBULATORIAL,M,0-17,VALINHOS,2019-01-06
1611,BENEFICIARIO 01611,HOSPITALAR,F,18-29,HORTOLANDIA,2024-08-18
1612,BENEFICIARIO 01612,AMBULATORIAL,F,0-17,PAULINIA,2025-02-26
1613,BENEFICIARIO 01613,REFERENCIA,M,0-17,PAULINIA,2021-06-14
1614,BENEFICIARIO 01614,HOSPITALAR,F,30-44,CAMPINAS,2022-04-03
1615,BENEFICIARIO 01615,REFERENCIA,F,30-44,VINHEDO,2024-05-03
1616,BENEFICIARIO 01616,REFERENCIA,M,18-29,PAULINIA,2021-01-22
1617,BENEFICIARIO 01617,HOSPITALAR,F,30-44,SUMARE,2022-12-06
1618,BENEFICIARIO 01618,REFERENCIA,F,45-59,HORTOLANDIA,2024-06-28
1619,BENEFICIARIO 01619,REFERENCIA,M,60+,JAGUARIUNA,2025-01-28
1620,BENEFICIARIO 01620,HOSPITALAR,F,60+,INDAIATUBA,2019-09-30
1621,BENEFICIARIO 01621,HOSPITALAR,M,30-44,SUMARE,2020-04-29
1622,BENEFICIARIO 01622,REFERENCIA,M,0-17,PAULINIA,2020-11-23
1623,BENEFICIARIO 01623,HOSPITALAR,M,30-44,CAMPINAS,2019-04-18
1624,BENEFICIARIO 01624,HOSPITALAR,M,18-29,JAGUARIUNA,2024-07-31
1625,BENEFICIARIO 01625,REFERENCIA,M,60+,INDAIATUBA,2025-05-20
1626,BENEFICIARIO 01626,AMBULATORIAL,M,0-17,HORTOLANDIA,2018-02-02
1627,BENEFICIARIO 01627,HOSPITALAR,M,45-59,HORTOLANDIA,2021-10-11
1628,BENEFICIARIO 01628,AMBULATORIAL,F,30-44,SUMARE,2019-10-29
1629,BENEFICIARIO 01629,COMPLETO,F,0-17,JAGUARIUNA,2024-11-30
1630,BENEFICIARIO 01630,COMPLETO,M,45-59,JAGUARIUNA,2020-09-24
1631,BENEFICIARIO 01631,REFERENCIA,M,60+,HORTOLANDIA,2023-05-31
1632,BENEFICIARIO 01632,COMPLETO,M,0-17,PAULINIA,2023-09-08
1633,BENEFICIARIO 01633,AMBULATORIAL,M,45-59,SUMARE,2024-06-23
1634,BENEFICIARIO 01634,COMPLETO,F,18-29,VINHEDO,2021-05-16
1635,BENEFICIARIO 01635,HOSPITALAR,F,18-29,HORTOLANDIA,2018-08-09
1636,BENEFICIARIO 01636,AMBULATORIAL,M,18-29,HORTOLANDIA,2023-02-22
1637,BENEFICIARIO 01637,COMPLETO,F,45-59,CAMPINAS,2025-05-21
1638,BENEFICIARIO 01638,HOSPITALAR,F,18-29,SUMARE,2021-06-13
1639,BENEFICIARIO 01639,AMBULATORIAL,F,18-29,PAULINIA,2022-11-24
1640,BENEFICIARIO 01640,AMBULATORIAL,F,18-29,HORTOLANDIA,2018-01-21
1641,BENEFICIARIO 01641,COMPLETO,F,30-44,VALINHOS,2023-04-13
1642,BENEFICIARIO 01642,COMPLETO,F,45-59,INDAIATUBA,2023-03-14
1643,BENEFICIARIO 01643,HOSPITALAR,F,45-59,VINHEDO,2021-07-27
1644,BENEFICIARIO 01644,HOSPITALAR,M,30-44,SUMARE,2025-07-26
1645,BENEFICIARIO 01645,COMPLETO,M,60+,VALINHOS,2021-11-21
1646,BENEFICIARIO 01646,COMPLETO,F,18-29,VINHEDO,2020-08-21
1647,BENEFICIARIO 01647,REFERENCIA,M,30-44,CAMPINAS,2024-11-05
1648,BENEFICIARIO 01648,COMPLETO,F,18-29,VINHEDO,2023-08-10
1649,BENEFICIARIO 01649,HOSPITALAR,F,18-29,SUMARE,2022-11-19
1650,BENEFICIARIO 01650,AMBULATORIAL,M,45-59,VINHEDO,2022-10-10
1651,BENEFICIARIO 01651,HOSPITALAR,M,30-44,INDAIATUBA,2025-07-28
1652,BENEFICIARIO 01652,COMPLETO,F,30-44,INDAIATUBA,2020-01-06
1653,BENEFICIARIO 01653,HOSPITALAR,M,60+,VALINHOS,2023-03-20
1654,BENEFICIARIO 01654,AMBULATORIAL,M,0-17,INDAIATUBA,2018-02-20
1655,BENEFICIARIO 01655,HOSPITALAR,M,18-29,INDAIATUBA,2023-02-06
1656,BENEFICIARIO 01656,AMBULATORIAL,M,45-59,INDAIATUBA,2018-08-12
1657,BENEFICIARIO 01657,REFERENCIA,M,30-44,VALINHOS,2024-10-08
1658,BENEFICIARIO 01658,COMPLETO,M,45-59,HORTOLANDIA,2024-01-01
1659,BENEFICIARIO 01659,REFERENCIA,F,18-29,INDAIATUBA,2023-12-18
1660,BENEFICIARIO 01660,COMPLETO,F,18-29,CAMPINAS,2021-10-12
1661,BENEFICIARIO 01661,REFERENCIA,F,60+,JAGUARIUNA,2022-11-17
1662,BENEFICIARIO 01662,AMBULATORIAL,M,30-44,CAMPINAS,2019-05-13
1663,BENEFICIARIO 01663,COMPLETO,M,30-44,CAMPINAS,2024-09-20
1664,BENEFICIARIO 01664,REFERENCIA,M,45-59,HORTOLANDIA,2025-07-27
1665,BENEFICIARIO 01665,REFERENCIA,F,60+,SUMARE,2020-01-03
1666,BENEFICIARIO 01666,REFERENCIA,M,45-59,CAMPINAS,2023-01-04
1667,BENEFICIARIO 01667,REFERENCIA,M,0-17,VALINHOS,2022-01-03
1668,BENEFICIARIO 01668,AMBULATORIAL,M,18-29,VINHEDO,2018-12-11
1669,BENEFICIARIO 01669,AMBULATORIAL,F,18-29,JAGUARIUNA,2022-11-01
1670,BENEFICIARIO 01670,REFERENCIA,M,45-59,PAULINIA,2023-11-15
1671,BENEFICIARIO 01671,COMPLETO,F,0-17,HORTOLANDIA,2022-03-07
1672,BENEFICIARIO 01672,AMBULATORIAL,F,60+,VALINHOS,2022-04-14
1673,BENEFICIARIO 01673,AMBULATORIAL,M,30-44,INDAIATUBA,2022-06-30
1674,BENEFICIARIO 01674,AMBULATORIAL,F,30-44,VALINHOS,2022-11-11
1675,BENEFICIARIO 01675,AMBULATORIAL,F,60+,SUMARE,2021-05-26
1676,BENEFICIARIO 01676,HOSPITALAR,F,30-44,JAGUARIUNA,2020-05-31
1677,BENEFICIARIO 01677,COMPLETO,M,18-29,SUMARE,2023-08-17
1678,BENEFICIARIO 01678,AMBULATORIAL,M,18-29,SUMARE,2021-01-21
1679,BENEFICIARIO 01679,AMBULATORIAL,M,18-29,CAMPINAS,2022-08-25
1680,BENEFICIARIO 01680,HOSPITALAR,M,30-44,JAGUARIUNA,2024-09-19
1681,BENEFICIARIO 01681,REFERENCIA,F,18-29,PAULINIA,2018-03-16
1682,BENEFICIARIO 01682,REFERENCIA,F,0-17,SUMARE,2024-10-31
1683,BENEFICIARIO 01683,COMPLETO,M,60+,HORTOLANDIA,2024-01-27
1684,BENEFICIARIO 01684,COMPLETO,M,60+,CAMPINAS,2021-11-05
1685,BENEFICIARIO 01685,REFERENCIA,M,30-44,JAGUARIUNA,2019-09-14
1686,BENEFICIARIO 01686,COMPLETO,M,18-29,VINHEDO,2025-07-19
1687,BENEFICIARIO 01687,COMPLETO,M,45-59,CAMPINAS,2025-05-30
1688,BENEFICIARIO 01688,AMBULATORIAL,M,60+,HORTOLANDIA,2018-12-07
1689,BENEFICIARIO 01689,HOSPITALAR,M,30-44,SUMARE,2021-07-15
1690,BENEFICIARIO 01690,COMPLETO,M,0-17,VINHEDO,2025-01-03
1691,BENEFICIARIO 01691,HOSPITALAR,M,60+,INDAIATUBA,2022-08-29
1692,BENEFICIARIO 01692,AMBULATORIAL,M,60+,JAGUARIUNA,2020-08-19
1693,BENEFICIARIO 01693,COMPLETO,F,45-59,VALINHOS,2019-02-02
1694,BENEFICIARIO 01694,COMPLETO,F,18-29,VALINHOS,2024-05-26
1695,BENEFICIARIO 01695,REFERENCIA,F,18-29,INDAIATUBA,2024-03-03
1696,BENEFICIARIO 01696,COMPLETO,M,18-29,INDAIATUBA,2024-09-20
1697,BENEFICIARIO 01697,REFERENCIA,M,30-44,VALINHOS,2025-06-13
1698,BENEFICIARIO 01698,REFERENCIA,M,18-29,INDAIATUBA,2023-07-20
1699,BENEFICIARIO 01699,COMPLETO,M,45-59,VINHEDO,2019-12-29
1700,BENEFICIARIO 01700,COMPLETO,M,0-17,HORTOLANDIA,2023-03-16
1701,BENEFICIARIO 01701,HOSPITALAR,F,45-59,INDAIATUBA,2022-09-10
1702,BENEFICIARIO 01702,COMPLETO,F,0-17,PAULINIA,2019-07-22
1703,BENEFICIARIO 01703,AMBULATORIAL,M,0-17,HORTOLANDIA,2024-11-02
1704,BENEFICIARIO 01704,HOSPITALAR,F,60+,JAGUARIUNA,2019-01-08
1705,BENEFICIARIO 01705,REFERENCIA,F,60+,INDAIATUBA,2024-03-11
1706,BENEFICIARIO 01706,HOSPITALAR,F,45-59,HORTOLANDIA,2020-09-07
1707,BENEFICIARIO 01707,HOSPITALAR,M,18-29,HORTOLANDIA,2019-06-28
1708,BENEFICIARIO 01708,REFERENCIA,F,0-17,PAULINIA,2024-06-23
1709,BENEFICIARIO 01709,COMPLETO,M,18-29,JAGUARIUNA,2020-09-17
1710,BENEFICIARIO 01710,HOSPITALAR,M,60+,VALINHOS,2024-10-10
1711,BENEFICIARIO 01711,REFERENCIA,F,18-29,JAGUARIUNA,2018-10-14
1712,BENEFICIARIO 01712,AMBULATORIAL,F,45-59,JAGUARIUNA,2022-04-28
1713,BENEFICIARIO 01713,AMBULATORIAL,M,30-44,VALINHOS,2024-10-22
1714,BENEFICIARIO 01714,AMBULATORIAL,M,45-59,CAMPINAS,2021-04-14
1715,BENEFICIARIO 01715,COMPLETO,F,30-44,INDAIATUBA,2023-09-27
1716,BENEFICIARIO 01716,COMPLETO,M,0-17,VALINHOS,2019-08-21
1717,BENEFICIARIO 01717,REFERENCIA,F,18-29,HORTOLANDIA,2022-08-19
1718,BENEFICIARIO 01718,REFERENCIA,F,18-29,JAGUARIUNA,2020-05-10
1719,BENEFICIARIO 01719,REFERENCIA,F,30-44,VALINHOS,2023-02-20
1720,BENEFICIARIO 01720,COMPLETO,F,30-44,HORTOLANDIA,2021-04-24
1721,BENEFICIARIO 01721,COMPLETO,M,45-59,SUMARE,2024-05-16
1722,BENEFICIARIO 01722,REFERENCIA,F,18-29,VINHEDO,2023-11-08
1723,BENEFICIARIO 01723,REFERENCIA,F,18-29,HORTOLANDIA,2024-04-27
1724,BENEFICIARIO 01724,REFERENCIA,M,30-44,VINHEDO,2024-05-14
1725,BENEFICIARIO 01725,REFERENCIA,M,45-59,SUMARE,2019-09-25
1726,BENEFICIARIO 01726,HOSPITALAR,F,60+,SUMARE,2022-04-23
1727,BENEFICIARIO 01727,REFERENCIA,F,0-17,PAULINIA,2024-07-16
1728,BENEFICIARIO 01728,REFERENCIA,F,60+,CAMPINAS,2020-11-28
1729,BENEFICIARIO 01729,REFERENCIA,M,45-59,VINHEDO,2021-11-10
1730,BENEFICIARIO 01730,HOSPITALAR,M,60+,HORTOLANDIA,2022-03-29
1731,BENEFICIARIO 01731,COMPLETO,F,60+,JAGUARIUNA,2019-12-20
1732,BENEFICIARIO 01732,COMPLETO,M,0-17,VALINHOS,2021-11-03
1733,BENEFICIARIO 01733,HOSPITALAR,M,18-29,PAULINIA,2019-09-07
1734,BENEFICIARIO 01734,REFERENCIA,F,18-29,HORTOLANDIA,2023-08-06
1735,BENEFICIARIO 01735,COMPLETO,F,60+,PAULINIA,2020-04-09
1736,BENEFICIARIO 01736,REFERENCIA,F,45-59,VALINHOS,2021-09-11
1737,BENEFICIARIO 01737,AMBULATORIAL,M,60+,VALINHOS,2018-08-18
1738,BENEFICIARIO 01738,COMPLETO,F,18-29,SUMARE,2020-01-19
1739,BENEFICIARIO 01739,HOSPITALAR,F,45-59,VINHEDO,2018-06-14
1740,BENEFICIARIO 01740,REFERENCIA,M,0-17,PAULINIA,2018-09-18
1741,BENEFICIARIO 01741,HOSPITALAR,M,0-17,PAULINIA,2020-07-21
1742,BENEFICIARIO 01742,HOSPITALAR,M,45-59,VALINHOS,2024-01-09
1743,BENEFICIARIO 01743,AMBULATORIAL,M,0-17,PAULINIA,2023-05-14
1744,BENEFICIARIO 01744,AMBULATORIAL,M,0-17,JAGUARIUNA,2020-03-19
1745,BENEFICIARIO 01745,AMBULATORIAL,F,60+,JAGUARIUNA,2021-05-13
1746,BENEFICIARIO 01746,AMBULATORIAL,M,0-17,JAGUARIUNA,2025-03-17
1747,BENEFICIARIO 01747,HOSPITALAR,M,0-17,SUMARE,2022-07-26
1748,BENEFICIARIO 01748,REFERENCIA,M,18-29,HORTOLANDIA,2023-09-09
1749,BENEFICIARIO 01749,COMPLETO,M,30-44,SUMARE,2023-12-20
1750,BENEFICIARIO 01750,HOSPITALAR,M,30-44,SUMARE,2025-01-07
1751,BENEFICIARIO 01751,COMPLETO,F,18-29,JAGUARIUNA,2018-01-27
1752,BENEFICIARIO 01752,REFERENCIA,M,45-59,VINHEDO,2020-01-03
1753,BENEFICIARIO 01753,AMBULATORIAL,M,30-44,VALINHOS,2022-12-21
1754,BENEFICIARIO 01754,REFERENCIA,F,18-29,VALINHOS,2020-08-07
1755,BENEFICIARIO 01755,HOSPITALAR,M,60+,SUMARE,2021-08-03
1756,BENEFICIARIO 01756,COMPLETO,F,30-44,PAULINIA,2024-05-27
1757,BENEFICIARIO 01757,HOSPITALAR,M,18-29,PAULINIA,2022-06-11
1758,BENEFICIARIO 01758,HOSPITALAR,F,60+,VINHEDO,2021-08-26
1759,BENEFICIARIO 01759,COMPLETO,M,30-44,PAULINIA,2020-12-12
1760,BENEFICIARIO 01760,COMPLETO,M,30-44,VINHEDO,2021-06-08
1761,BENEFICIARIO 01761,REFERENCIA,M,30-44,JAGUARIUNA,2021-06-15
1762,BENEFICIARIO 01762,COMPLETO,M,45-59,CAMPINAS,2022-07-14
1763,BENEFICIARIO 01763,AMBULATORIAL,M,30-44,VINHEDO,2023-02-15
1764,BENEFICIARIO 01764,REFERENCIA,F,18-29,PAULINIA,2025-06-04
1765,BENEFICIARIO 01765,REFERENCIA,M,30-44,CAMPINAS,2021-08-11
1766,BENEFICIARIO 01766,COMPLETO,M,30-44,PAULINIA,2020-05-30
1767,BENEFICIARIO 01767,COMPLETO,M,0-17,VALINHOS,2020-09-22
1768,BENEFICIARIO 01768,HOSPITALAR,M,45-59,JAGUARIUNA,2018-07-08
1769,BENEFICIARIO 01769,COMPLETO,M,18-29,SUMARE,2024-10-21
1770,BENEFICIARIO 01770,COMPLETO,F,0-17,CAMPINAS,2025-03-04
1771,BENEFICIARIO 01771,REFERENCIA,M,60+,HORTOLANDIA,2022-11-30
1772,BENEFICIARIO 01772,REFERENCIA,F,45-59,VINHEDO,2018-10-31
1773,BENEFICIARIO 01773,REFERENCIA,M,18-29,VINHEDO,2024-08-12
1774,BENEFICIARIO 01774,REFERENCIA,F,60+,VALINHOS,2022-12-01
1775,BENEFICIARIO 01775,HOSPITALAR,M,60+,SUMARE,2024-03-30
1776,BENEFICIARIO 01776,REFERENCIA,F,18-29,VALINHOS,2021-07-09
1777,BENEFICIARIO 01777,REFERENCIA,M,18-29,VINHEDO,2021-08-08
1778,BENEFICIARIO 01778,COMPLETO,F,45-59,HORTOLANDIA,2021-09-26
1779,BENEFICIARIO 01779,HOSPITALAR,M,30-44,CAMPINAS,2019-07-29
1780,BENEFICIARIO 01780,AMBULATORIAL,M,45-59,INDAIATUBA,2023-06-16
1781,BENEFICIARIO 01781,AMBULATORIAL,F,60+,HORTOLANDIA,2018-03-08
1782,BENEFICIARIO 01782,COMPLETO,F,60+,HORTOLANDIA,2024-01-16
1783,BENEFICIARIO 01783,COMPLETO,M,60+,HORTOLANDIA,2025-02-11
1784,BENEFICIARIO 01784,AMBULATORIAL,F,60+,VALINHOS,2024-04-05
1785,BENEFICIARIO 01785,AMBULATORIAL,F,60+,VALINHOS,2024-06-08
1786,BENEFICIARIO 01786,COMPLETO,F,0-17,INDAIATUBA,2021-02-08
1787,BENEFICIARIO 01787,COMPLETO,M,18-29,HORTOLANDIA,2018-10-27
1788,BENEFICIARIO 01788,HOSPITALAR,M,45-59,INDAIATUBA,2018-03-29
1789,BENEFICIARIO 01789,COMPLETO,M,0-17,INDAIATUBA,2018-03-19
1790,BENEFICIARIO 01790,AMBULATORIAL,F,30-44,INDAIATUBA,2019-09-09
1791,BENEFICIARIO 01791,REFERENCIA,F,60+,HORTOLANDIA,2023-12-21
1792,BENEFICIARIO 01792,COMPLETO,F,60+,HORTOLANDIA,2024-06-20
1793,BENEFICIARIO 01793,HOSPITALAR,F,18-29,PAULINIA,2021-06-17
1794,BENEFICIARIO 01794,HOSPITALAR,F,0-17,CAMPINAS,2019-06-06
1795,BENEFICIARIO 01795,REFERENCIA,F,30-44,HORTOLANDIA,2020-07-31
1796,BENEFICIARIO 01796,HOSPITALAR,F,30-44,VINHEDO,2022-10-04
1797,BENEFICIARIO 01797,REFERENCIA,F,18-29,HORTOLANDIA,2018-04-22
1798,BENEFICIARIO 01798,HOSPITALAR,M,0-17,INDAIATUBA,2018-04-15
1799,BENEFICIARIO 01799,COMPLETO,F,45-59,CAMPINAS,2023-01-05
1800,BENEFICIARIO 01800,COMPLETO,M,18-29,PAULINIA,2022-04-08
1801,BENEFICIARIO 01801,AMBULATORIAL,F,18-29,VALINHOS,2019-10-30
1802,BENEFICIARIO 01802,HOSPITALAR,F,45-59,HORTOLANDIA,2021-07-21
1803,BENEFICIARIO 01803,COMPLETO,F,18-29,VALINHOS,2023-09-08
1804,BENEFICIARIO 01804,REFERENCIA,M,30-44,VALINHOS,2023-02-15
1805,BENEFICIARIO 01805,AMBULATORIAL,F,45-59,INDAIATUBA,2022-06-28
1806,BENEFICIARIO 01806,AMBULATORIAL,M,30-44,SUMARE,2018-09-25
1807,BENEFICIARIO 01807,COMPLETO,M,18-29,VALINHOS,2025-04-18
1808,BENEFICIARIO 01808,COMPLETO,M,0-17,SUMARE,2025-04-05
1809,BENEFICIARIO 01809,REFERENCIA,F,18-29,PAULINIA,2019-12-28
1810,BENEFICIARIO 01810,AMBULATORIAL,F,60+,VINHEDO,2019-07-29
1811,BENEFICIARIO 01811,COMPLETO,F,0-17,PAULINIA,2025-05-31
1812,BENEFICIARIO 01812,REFERENCIA,M,60+,INDAIATUBA,2019-10-08
1813,BENEFICIARIO 01813,COMPLETO,F,18-29,VINHEDO,2025-07-01
1814,BENEFICIARIO 01814,HOSPITALAR,M,0-17,VINHEDO,2018-05-03
1815,BENEFICIARIO 01815,COMPLETO,F,30-44,INDAIATUBA,2025-01-05
1816,BENEFICIARIO 01816,REFERENCIA,M,60+,HORTOLANDIA,2018-04-27
1817,BENEFICIARIO 01817,AMBULATORIAL,M,0-17,JAGUARIUNA,2018-05-21
1818,BENEFICIARIO 01818,HOSPITALAR,M,0-17,INDAIATUBA,2024-09-17
1819,BENEFICIARIO 01819,HOSPITALAR,F,0-17,CAMPINAS,2021-11-29
1820,BENEFICIARIO 01820,HOSPITALAR,F,45-59,VALINHOS,2019-04-06
1821,BENEFICIARIO 01821,COMPLETO,M,45-59,JAGUARIUNA,2019-07-05
1822,BENEFICIARIO 01822,AMBULATORIAL,M,45-59,JAGUARIUNA,2020-11-18
1823,BENEFICIARIO 01823,HOSPITALAR,M,60+,HORTOLANDIA,2024-11-18
1824,BENEFICIARIO 01824,AMBULATORIAL,M,45-59,PAULINIA,2019-05-31
1825,BENEFICIARIO 01825,HOSPITALAR,F,18-29,PAULINIA,2025-05-24
1826,BENEFICIARIO 01826,AMBULATORIAL,F,45-59,SUMARE,2024-11-24
1827,BENEFICIARIO 01827,AMBULATORIAL,F,18-29,SUMARE,2020-01-27
1828,BENEFICIARIO 01828,REFERENCIA,M,45-59,SUMARE,2019-06-24
1829,BENEFICIARIO 01829,REFERENCIA,M,30-44,VINHEDO,2024-07-01
1830,BENEFICIARIO 01830,AMBULATORIAL,M,0-17,PAULINIA,2020-01-17
1831,BENEFICIARIO 01831,AMBULATORIAL,F,0-17,PAULINIA,2019-10-26
1832,BENEFICIARIO 01832,COMPLETO,M,0-17,JAGUARIUNA,2023-06-05
1833,BENEFICIARIO 01833,REFERENCIA,F,60+,INDAIATUBA,2023-01-26
1834,BENEFICIARIO 01834,HOSPITALAR,M,60+,SUMARE,2024-02-14
1835,BENEFICIARIO 01835,COMPLETO,F,30-44,HORTOLANDIA,2021-10-13
1836,BENEFICIARIO 01836,HOSPITALAR,M,30-44,JAGUARIUNA,2024-02-27
1837,BENEFICIARIO 01837,COMPLETO,F,30-44,SUMARE,2018-09-16
1838,BENEFICIARIO 01838,REFERENCIA,M,0-17,VINHEDO,2019-01-23
1839,BENEFICIARIO 01839,HOSPITALAR,M,0-17,VALINHOS,2024-03-04
1840,BENEFICIARIO 01840,REFERENCIA,F,30-44,SUMARE,2023-01-28
1841,BENEFICIARIO 01841,COMPLETO,F,60+,VINHEDO,2022-06-17
1842,BENEFICIARIO 01842,HOSPITALAR,F,18-29,CAMPINAS,2020-03-24
1843,BENEFICIARIO 01843,REFERENCIA,F,60+,CAMPINAS,2023-12-24
1844,BENEFICIARIO 01844,REFERENCIA,F,60+,VINHEDO,2022-03-14
1845,BENEFICIARIO 01845,HOSPITALAR,F,18-29,PAULINIA,2019-09-15
1846,BENEFICIARIO 01846,COMPLETO,F,30-44,CAMPINAS,2022-06-30
1847,BENEFICIARIO 01847,REFERENCIA,M,60+,INDAIATUBA,2023-05-06
1848,BENEFICIARIO 01848,COMPLETO,M,18-29,SUMARE,2018-01-02
1849,BENEFICIARIO 01849,AMBULATORIAL,M,60+,SUMARE,2020-05-05
1850,BENEFICIARIO 01850,AMBULATORIAL,F,45-59,VINHEDO,2019-08-12
1851,BENEFICIARIO 01851,COMPLETO,F,18-29,INDAIATUBA,2019-10-16
1852,BENEFICIARIO 01852,COMPLETO,M,60+,PAULINIA,2020-10-15
1853,BENEFICIARIO 01853,REFERENCIA,F,18-29,SUMARE,2019-07-30
1854,BENEFICIARIO 01854,COMPLETO,F,60+,VINHEDO,2020-04-23
1855,BENEFICIARIO 01855,COMPLETO,F,30-44,HORTOLANDIA,2018-02-14
1856,BENEFICIARIO 01856,AMBULATORIAL,M,60+,VALINHOS,2025-01-18
1857,BENEFICIARIO 01857,COMPLETO,F,45-59,SUMARE,2019-05-27
1858,BENEFICIARIO 01858,COMPLETO,F,0-17,HORTOLANDIA,2021-01-19
1859,BENEFICIARIO 01859,AMBULATORIAL,M,30-44,VALINHOS,2025-01-11
1860,BENEFICIARIO 01860,COMPLETO,M,60+,VINHEDO,2023-06-19
1861,BENEFICIARIO 01861,REFERENCIA,F,60+,VALINHOS,2018-12-29
1862,BENEFICIARIO 01862,REFERENCIA,F,45-59,INDAIATUBA,2022-09-24
1863,BENEFICIARIO 01863,AMBULATORIAL,F,30-44,SUMARE,2020-10-27
1864,BENEFICIARIO 01864,REFERENCIA,M,30-44,HORTOLANDIA,2018-12-07
1865,BENEFICIARIO 01865,AMBULATORIAL,F,45-59,PAULINIA,2024-07-27
1866,BENEFICIARIO 01866,COMPLETO,F,60+,INDAIATUBA,2025-06-19
1867,BENEFICIARIO 01867,REFERENCIA,F,45-59,INDAIATUBA,2024-10-20
1868,BENEFICIARIO 01868,COMPLETO,F,60+,VALINHOS,2024-08-15
1869,BENEFICIARIO 01869,AMBULATORIAL,F,0-17,PAULINIA,2022-01-17
1870,BENEFICIARIO 01870,COMPLETO,M,0-17,HORTOLANDIA,2025-04-04
1871,BENEFICIARIO 01871,COMPLETO,M,60+,CAMPINAS,2022-06-22
1872,BENEFICIARIO 01872,COMPLETO,F,18-29,VINHEDO,2018-04-09
1873,BENEFICIARIO 01873,REFERENCIA,F,30-44,INDAIATUBA,2018-04-27
1874,BENEFICIARIO 01874,COMPLETO,M,30-44,HORTOLANDIA,2021-12-14
1875,BENEFICIARIO 01875,HOSPITALAR,M,45-59,CAMPINAS,2021-08-22
1876,BENEFICIARIO 01876,COMPLETO,M,18-29,PAULINIA,2024-04-06
1877,BENEFICIARIO 01877,REFERENCIA,M,30-44,VINHEDO,2023-08-10
1878,BENEFICIARIO 01878,AMBULATORIAL,M,30-44,PAULINIA,2021-07-20
1879,BENEFICIARIO 01879,REFERENCIA,F,0-17,INDAIATUBA,2021-07-05
1880,BENEFICIARIO 01880,COMPLETO,F,45-59,PAULINIA,2020-12-20
1881,BENEFICIARIO 01881,COMPLETO,M,30-44,JAGUARIUNA,2022-01-20
1882,BENEFICIARIO 01882,HOSPITALAR,F,30-44,CAMPINAS,2019-04-02
1883,BENEFICIARIO 01883,HOSPITALAR,M,60+,SUMARE,2024-04-12
1884,BENEFICIARIO 01884,HOSPITALAR,M,60+,VALINHOS,2020-03-24
1885,BENEFICIARIO 01885,AMBULATORIAL,F,60+,INDAIATUBA,2020-12-14
1886,BENEFICIARIO 01886,HOSPITALAR,M,60+,HORTOLANDIA,2022-06-14
1887,BENEFICIARIO 01887,HOSPITALAR,M,0-17,SUMARE,2024-11-17
1888,BENEFICIARIO 01888,AMBULATORIAL,M,18-29,JAGUARIUNA,2018-06-17
1889,BENEFICIARIO 01889,HOSPITALAR,F,30-44,CAMPINAS,2023-07-19
1890,BENEFICIARIO 01890,HOSPITALAR,F,18-29,PAULINIA,2022-12-09
1891,BENEFICIARIO 01891,HOSPITALAR,F,0-17,SUMARE,2020-09-25
1892,BENEFICIARIO 01892,AMBULATORIAL,M,45-59,INDAIATUBA,2024-03-28
1893,BENEFICIARIO 01893,HOSPITALAR,M,18-29,INDAIATUBA,2025-01-13
1894,BENEFICIARIO 01894,COMPLETO,M,30-44,SUMARE,2022-11-02
1895,BENEFICIARIO 01895,REFERENCIA,M,18-29,HORTOLANDIA,2024-01-23
1896,BENEFICIARIO 01896,REFERENCIA,F,18-29,HORTOLANDIA,2020-10-08
1897,BENEFICIARIO 01897,HOSPITALAR,F,60+,JAGUARIUNA,2024-01-02
1898,BENEFICIARIO 01898,REFERENCIA,F,60+,PAULINIA,2021-11-27
1899,BENEFICIARIO 01899,HOSPITALAR,M,30-44,CAMPINAS,2023-03-01
1900,BENEFICIARIO 01900,COMPLETO,M,60+,INDAIATUBA,2018-09-22
1901,BENEFICIARIO 01901,HOSPITALAR,F,60+,JAGUARIUNA,2024-04-08
1902,BENEFICIARIO 01902,AMBULATORIAL,M,45-59,VINHEDO,2018-09-19
1903,BENEFICIARIO 01903,REFERENCIA,F,30-44,SUMARE,2018-04-23
1904,BENEFICIARIO 01904,COMPLETO,M,18-29,INDAIATUBA,2020-05-31
1905,BENEFICIARIO 01905,COMPLETO,M,60+,SUMARE,2021-09-15
1906,BENEFICIARIO 01906,HOSPITALAR,M,18-29,HORTOLANDIA,2018-01-28
1907,BENEFICIARIO 01907,AMBULATORIAL,M,60+,VALINHOS,2018-10-18
1908,BENEFICIARIO 01908,AMBULATORIAL,M,18-29,PAULINIA,2020-10-16
1909,BENEFICIARIO 01909,HOSPITALAR,F,0-17,JAGUARIUNA,2019-05-05
1910,BENEFICIARIO 01910,REFERENCIA,F,0-17,INDAIATUBA,2024-06-09
1911,BENEFICIARIO 01911,COMPLETO,M,45-59,JAGUARIUNA,2019-07-22
1912,BENEFICIARIO 01912,REFERENCIA,F,0-17,SUMARE,2021-12-25
1913,BENEFICIARIO 01913,HOSPITALAR,M,30-44,JAGUARIUNA,2019-01-07
1914,BENEFICIARIO 01914,HOSPITALAR,M,45-59,PAULINIA,2020-07-17
1915,BENEFICIARIO 01915,REFERENCIA,F,30-44,JAGUARIUNA,2019-01-21
1916,BENEFICIARIO 01916,REFERENCIA,F,60+,CAMPINAS,2024-03-31
1917,BENEFICIARIO 01917,AMBULATORIAL,M,0-17,VINHEDO,2018-01-08
1918,BENEFICIARIO 01918,AMBULATORIAL,F,30-44,INDAIATUBA,2021-06-08
1919,BENEFICIARIO 01919,AMBULATORIAL,M,0-17,VINHEDO,2020-02-12
1920,BENEFICIARIO 01920,COMPLETO,F,60+,PAULINIA,2021-11-15
1921,BENEFICIARIO 01921,AMBULATORIAL,F,60+,HORTOLANDIA,2024-06-09
1922,BENEFICIARIO 01922,HOSPITALAR,M,18-29,VINHEDO,2022-12-29
1923,BENEFICIARIO 01923,AMBULATORIAL,F,60+,VALINHOS,2021-06-30
1924,BENEFICIARIO 01924,REFERENCIA,F,30-44,VINHEDO,2024-08-14
1925,BENEFICIARIO 01925,HOSPITALAR,F,45-59,PAULINIA,2024-10-07
1926,BENEFICIARIO 01926,HOSPITALAR,M,45-59,INDAIATUBA,2023-01-09
1927,BENEFICIARIO 01927,AMBULATORIAL,F,30-44,PAULINIA,2022-02-06
1928,BENEFICIARIO 01928,HOSPITALAR,F,45-59,PAULINIA,2022-07-14
1929,BENEFICIARIO 01929,AMBULATORIAL,M,0-17,JAGUARIUNA,2025-05-25
1930,BENEFICIARIO 01930,AMBULATORIAL,F,30-44,INDAIATUBA,2024-02-16
1931,BENEFICIARIO 01931,HOSPITALAR,M,30-44,VINHEDO,2023-01-09
1932,BENEFICIARIO 01932,HOSPITALAR,M,45-59,INDAIATUBA,2022-11-18
1933,BENEFICIARIO 01933,COMPLETO,F,45-59,CAMPINAS,2023-07-06
1934,BENEFICIARIO 01934,AMBULATORIAL,M,60+,JAGUARIUNA,2024-11-02
1935,BENEFICIARIO 01935,COMPLETO,M,45-59,SUMARE,2018-08-14
1936,BENEFICIARIO 01936,AMBULATORIAL,F,0-17,SUMARE,2024-08-03
1937,BENEFICIARIO 01937,HOSPITALAR,M,0-17,CAMPINAS,2018-07-13
1938,BENEFICIARIO 01938,REFERENCIA,M,18-29,HORTOLANDIA,2024-01-12
1939,BENEFICIARIO 01939,AMBULATORIAL,M,60+,VINHEDO,2023-09-15
1940,BENEFICIARIO 01940,REFERENCIA,F,18-29,VALINHOS,2023-02-16
1941,BENEFICIARIO 01941,HOSPITALAR,F,30-44,VALINHOS,2020-04-13
1942,BENEFICIARIO 01942,COMPLETO,F,60+,CAMPINAS,2018-07-05
1943,BENEFICIARIO 01943,COMPLETO,F,0-17,SUMARE,2018-01-20
1944,BENEFICIARIO 01944,HOSPITALAR,M,18-29,INDAIATUBA,2020-07-24
1945,BENEFICIARIO 01945,REFERENCIA,M,0-17,VINHEDO,2019-08-04
1946,BENEFICIARIO 01946,HOSPITALAR,M,45-59,SUMARE,2020-04-19
1947,BENEFICIARIO 01947,REFERENCIA,M,0-17,INDAIATUBA,2022-08-22
1948,BENEFICIARIO 01948,COMPLETO,M,18-29,JAGUARIUNA,2020-11-04
1949,BENEFICIARIO 01949,AMBULATORIAL,M,0-17,JAGUARIUNA,2019-06-12
1950,BENEFICIARIO 01950,HOSPITALAR,F,0-17,VALINHOS,2019-10-13
1951,BENEFICIARIO 01951,COMPLETO,F,18-29,HORTOLANDIA,2019-11-17
1952,BENEFICIARIO 01952,REFERENCIA,M,30-44,SUMARE,2021-03-12
1953,BENEFICIARIO 01953,REFERENCIA,F,0-17,INDAIATUBA,2020-04-07
1954,BENEFICIARIO 01954,AMBULATORIAL,M,18-29,VINHEDO,2023-10-24
1955,BENEFICIARIO 01955,AMBULATORIAL,M,45-59,VALINHOS,2019-04-02
1956,BENEFICIARIO 01956,HOSPITALAR,F,45-59,VINHEDO,2018-12-09
1957,BENEFICIARIO 01957,AMBULATORIAL,F,45-59,HORTOLANDIA,2022-11-30
1958,BENEFICIARIO 01958,HOSPITALAR,M,60+,CAMPINAS,2025-06-08
1959,BENEFICIARIO 01959,HOSPITALAR,F,30-44,CAMPINAS,2024-05-18
1960,BENEFICIARIO 01960,AMBULATORIAL,F,30-44,SUMARE,2019-12-20
1961,BENEFICIARIO 01961,REFERENCIA,M,18-29,CAMPINAS,2022-05-22
1962,BENEFICIARIO 01962,COMPLETO,F,30-44,VALINHOS,2020-07-11
1963,BENEFICIARIO 01963,HOSPITALAR,F,30-44,JAGUARIUNA,2018-04-14
1964,BENEFICIARIO 01964,COMPLETO,F,18-29,SUMARE,2024-03-30
1965,BENEFICIARIO 01965,HOSPITALAR,F,60+,HORTOLANDIA,2018-08-21
1966,BENEFICIARIO 01966,AMBULATORIAL,F,45-59,CAMPINAS,2024-12-08
1967,BENEFICIARIO 01967,HOSPITALAR,M,30-44,CAMPINAS,2019-08-11
1968,BENEFICIARIO 01968,AMBULATORIAL,F,0-17,INDAIATUBA,2018-01-15
1969,BENEFICIARIO 01969,AMBULATORIAL,M,60+,VALINHOS,2020-07-08
1970,BENEFICIARIO 01970,AMBULATORIAL,F,0-17,JAGUARIUNA,2024-05-29
1971,BENEFICIARIO 01971,COMPLETO,M,60+,INDAIATUBA,2023-01-16
1972,BENEFICIARIO 01972,HOSPITALAR,M,60+,SUMARE,2021-11-14
1973,BENEFICIARIO 01973,COMPLETO,M,18-29,JAGUARIUNA,2024-01-07
1974,BENEFICIARIO 01974,REFERENCIA,F,18-29,SUMARE,2025-02-22
1975,BENEFICIARIO 01975,HOSPITALAR,M,30-44,VINHEDO,2022-02-16
1976,BENEFICIARIO 01976,AMBULATORIAL,M,30-44,VINHEDO,2018-06-24
1977,BENEFICIARIO 01977,COMPLETO,M,60+,PAULINIA,2022-07-06
1978,BENEFICIARIO 01978,HOSPITALAR,M,18-29,INDAIATUBA,2022-09-21
1979,BENEFICIARIO 01979,COMPLETO,M,45-59,JAGUARIUNA,2022-05-11
1980,BENEFICIARIO 01980,COMPLETO,M,30-44,HORTOLANDIA,2025-06-18
1981,BENEFICIARIO 01981,COMPLETO,F,60+,PAULINIA,2020-10-04
1982,BENEFICIARIO 01982,HOSPITALAR,F,60+,PAULINIA,2025-05-24
1983,BENEFICIARIO 01983,REFERENCIA,M,60+,INDAIATUBA,2022-03-16
1984,BENEFICIARIO 01984,REFERENCIA,F,45-59,VINHEDO,2023-04-11
1985,BENEFICIARIO 01985,AMBULATORIAL,M,30-44,INDAIATUBA,2018-07-28
1986,BENEFICIARIO 01986,HOSPITALAR,F,30-44,VINHEDO,2025-05-25
1987,BENEFICIARIO 01987,COMPLETO,M,18-29,JAGUARIUNA,2018-04-08
1988,BENEFICIARIO 01988,HOSPITALAR,M,60+,VINHEDO,2021-01-24
1989,BENEFICIARIO 01989,HOSPITALAR,M,60+,PAULINIA,2019-09-10
1990,BENEFICIARIO 01990,COMPLETO,M,45-59,PAULINIA,2019-06-19
1991,BENEFICIARIO 01991,COMPLETO,M,60+,CAMPINAS,2025-08-01
1992,BENEFICIARIO 01992,AMBULATORIAL,F,0-17,CAMPINAS,2018-02-05
1993,BENEFICIARIO 01993,AMBULATORIAL,M,0-17,HORTOLANDIA,2022-01-01
1994,BENEFICIARIO 01994,HOSPITALAR,F,18-29,SUMARE,2018-09-28
1995,BENEFICIARIO 01995,REFERENCIA,M,60+,JAGUARIUNA,2023-04-30
1996,BENEFICIARIO 01996,REFERENCIA,F,30-44,SUMARE,2019-02-20
1997,BENEFICIARIO 01997,HOSPITALAR,F,18-29,INDAIATUBA,2019-05-01
1998,BENEFICIARIO 01998,COMPLETO,F,60+,JAGUARIUNA,2021-02-25
1999,BENEFICIARIO 01999,HOSPITALAR,F,18-29,JAGUARIUNA,2019-02-02
2000,BENEFICIARIO 02000,AMBULATORIAL,F,45-59,JAGUARIUNA,2022-04-03
